B	Consonne
B, FA, SI, ou B FA, B MI	Gamme
B MOL ou BEMOL	Clé
B QUARRE ou BÉQUARRE	B mol
BAAL ou BEL	Belus
BAALITES	Baal
BAAL-PEOR	Belphegor
BAAL-PHEGOR ou BEELPHEGOR, ou BELPHEGOR	Belphegor
BAAT	Tical
BABORD	Basbord
BABOUIN	Singe
BAC	Brasserie
BAC	Cuve matiere
BAC	Brasserie
BAC	Métiers
BAC	Trempe
BAC	Formes
BAC	Clarifier
BAC	Terre
BAC	Couleresse
BACCALAURÉAT	Bachelier
BACCHE	Pié
BACCHUS	Osiris
BACCHUS	Semelé
BACCHUS	Bimater
BACCHUS	Dionysius
BACCHUS	Liber
BACCHUS	Bromius
BACHA, PASCHA, ou PACHA	Beglerbeg
BACHA, PASCHA, ou PACHA	Sangiac
BACHELIER	Banneret
BACHELIER	Chevalier
BACHELIER	Chevalier
BACHELIER	Chevalier
BACHELIER	Noblesse
BACHELIER	Degré
BACHELIER	Communauté
BACHER	Bache
BACHOT	Bachoteurs
BACHOT	Bachotage
BACHOTAGE	Bachoteurs
BACILE	Plante
BACLAGE	Débacleurs
BACLAGE	Débacler
BACTREOLE	Or
BACULOMETRIE	Accessible
BACULOMETRIE	Arpentage
BACULOMETRIE	Mesure
BACULOMETRIE	Lever
BADOULA	Adams’ Pic
BAFFIN’S-BAIE, ou BAIE DE BAFFIN	Baie
BAGACE	Sucre
BAGACE	Sucrerie
BAGAGE	Armée
BAGNE	Verrerie
BAGNE	Pot
BAGNOLOIS ou BAGNOLIENS	Cathares
BAGUE	Anneau
BAGUE	Préciput
BAGUE	Augment de dot
BAGUE	Gain de survie
BAGUE	Œil de pié
BAGUE	Œillet de voile
BAGUE	Courir
BAGUE	Dedans
BAGUE	Trompette
BAGUE	Orgue
BAGUENAUDIER	Plante
BAGUETTE	Neper
BAGUETTE	Huissier
BAGUETTE	Astragale
BAGUETTE	Fusée volante
BAGUETTE	Cartouche
BAGUETTE	Abysme
BAGUETTE	Courroyer
BAGUETTE	Hongrieur
BAGUETTE	Tambour
BAHAR, BAHAIRE, ou BAIRE	Condorin
BAHAR, BAHAIRE, ou BAIRE	Mas
BAHAR, BAHAIRE, ou BAIRE	Tael
BAJAMO	Antilles
BAIE	Golfe
BAIGNER	Bain
BAIL	Louage
BAIL	Location
BAIL	Ferme
BAIL	Loyer
BAIL	Emphytéotique
BAIL	Réconduction
BAIL	Emphytéose
BAIL	Emphytéose
BAIL	Cheptel
BAIL	Judiciaire
BAIL	Garde
BAIL	Desbail
BAIL	Puissance maritale
BAILE	Veguer
BAILE	Consul
BAILLEMENT	Hocquet
BAILLER	Baillement
BAILLEUR	Preneur
BAILLI	Bailliage
BAILLI	Pilier
BAILLI	Langue
BAILLI	Malte
BAILLIAGE	Présidial
BAILLIAGE	Bailli
BAILLIE	Garde
BAILLISTRE	Baillie
BAILLIVAGE	Baliveau
BAINS	Eaux Minérales
BAINS	Baignoire
BAINS	Etrille
BAINS	Fomentation
BAINS	Douche
BAINS	Fumigation
BAINS	Pore
BAINS	Rage
BAINS	Eau
BAINS	Digestoire
BAINS	Brasser
BAINS	Brassoir
BAINS	Quille
BAIONE	Bayone
BAJOUES	Tire-plomb
BAIRAM	Fête
BAIRAM	Ramadhan
BAISÉ	Tirage de soie
BAISÉ	Frappé
BAISER	Osculation
BAISER	Développée
BAISER	Courbure
BAISSER	Hanches
BAISSER	Lance
BAISSOIRS	Saline
BAKISCH	Bacar
BALADIN	Opera comique
BALADOIRE	Danse
BALAIEURS PUBLICS	Placier
BALAIS	Rubis
BALANCE	Levier
BALANCE	Romaine
BALANCE	Peson
BALANCE	Appui
BALANCE	Levier
BALANCE	Gravité
BALANCE	Pesanteur specifique
BALANCE	Poids
BALANCE	Métal
BALANCE	Or
BALANCE	Alliage
BALANCE	Aréometre
BALANCE	Romaine
BALANCE	Fleau
BALANCE	Peson
BALANCE	Porte-Balance
BALANCE	Bilan
BALANCÉ	Position
BALANCÉ	Menuet
BALANCER	Accompagnage
BALANCER	Dorure
BALANCER	Étoffes or et argent
BALANCIER	Grosses Forges
BALANCIER	Échappement
BALANCIER	Inertie
BALANCIER	Calibre
BALANCIER	Échappement
BALANCIER	Action
BALANCIER	Réaction
BALANCIER	Inertie
BALANCIER	Horloge
BALANCIER	Ressort spiral
BALANCIER	Presse d'Imprimerie
BALANCIER	Bas au Métier
BALANCINES, ou VALANCINES	Gui
BALARUC	Eau
BALAUSTIER	Grenadier
BALATS	Lest
BALCON	Banquette
BALCON	Galerie
BALEINE	Cetacée
BALEINE	Poisson
BALEINE	Cachalot
BALEINE	Constellation
BALISEUR	Riverain
BALISIER	Plante
BALISTE	Catapulte
BALISTE	Onagre
BALISTE	Scorpion
BALISTE	Catapulte
BALISTIQUE	Projectile
BALISTIQUE	Résistance
BALIVEAU	Forêts
BALIVEAU	Taillis
BALLE	Sphéristique
BALLE	Exercice
BALLE	Gymnastique
BALLE	Jeu
BALLE	Boulet
BALLE	Arme à feu
BALLE	Canon
BALLE	Fonte
BALLE	Paumier
BALLE	Bilboquet
BALLET	Pantomime
BALLET	Danse
BALLET	Chœur
BALLET	Grue
BALLET	Intermede
BALLET	Entrée
BALLET	Quadrille
BALLET	Décoration
BALLET	Machine
BALLET	Ballets de Collége
BALLET	Opéra
BALLET	Opera
BALLET	Pastorale
BALLET	Comédie-Ballet
BALLET	Danse
BALLET	Branle
BALLON	Saucisson
BALLON	Fusée
BALLON	Étoile
BALLON	Serpenteau
BALLON	Verrerie
BALLON	Pot
BALLOT	Balle
BALLOT	Lien
BALLOT	Table
BALLOT	Verre
BALLOT	Boucanier
BALLOTE	Plante
BALOTIN	Citronnier
BALSAMINE	Plante
BALTEI	Amphithéatres
BALTEI	Théatres
BALUSTRADE	Appui
BALUSTRADE	Balustre
BALUSTRE	Acroteres
BALUSTRE	Nœud
BAN	Beglerbeg
BAN	Noblesse
BANAL	Banalité
BANC	Honorifiques
BANC	Banqueroute
BANC	Extension
BANC	Machine
BANC	Foncée
BANC	Cuvette
BANC	Nif
BANC	Ardoise
BANC	Brasserie
BANC	Carder
BANC	Banc d'Orfevre
BANC	Cisailles
BANC	Filiere
BANC	Cremailliere
BANC	Main
BANC	Poupée
BANC	Arbre
BANC	Sangle
BANC	Aile
BANC	Tirage
BANC	Faux-ras
BANC	Ajoux
BANC	Tireur d’or
BANC	Ourdissoir
BANC	Passementerie
BANC	Ourdissoir
BANC	Brisée
BANC	Chevre
BANC	Saline
BANCO ou BANQUO	Bilan
BANDAGE	Bande
BANDAGE	Suspensoir
BANDAGE	Fronde
BANDAGE	Brayer
BANDAGE	Chûte de matrice
BANDAGE	Hemorrhoides
BANDAGE	Pantoufle
BANDAGE	Scapulaire
BANDAGE	Fonderie
BANDE	Enseigne
BANDE	Légion
BANDE	Jupiter
BANDE	Plate-bande
BANDE	Bossages
BANDE	Bandage
BANDE	Barre
BANDE	Cartouche
BANDE	Berceau de presse
BANDÉ	Bande
BANDÉ	Parti bandé
BANDEAU	Canon
BANDER	Banc
BANDER	Fleche
BANDIER	Banal
BANDOIR	Bandage
BANIANS ou BANJANS	Ceurawath
BANNE	Bache
BANNERETS ou CHEVALIERS BANNERETS	Pennon
BANNERETS ou CHEVALIERS BANNERETS	Compagnies d’ordonnance
BANNERETS ou CHEVALIERS BANNERETS	Hommes d’armes
BANNERETS ou CHEVALIERS BANNERETS	Noblesse
BANNIERES	Pavillon
BANNIERES	Perroquet
BANQUE	Virement
BANQUE	Lombard
BANQUE	Echiquier
BANQUE	Abaque
BANQUE	Ourdir
BANQUE	Ourdir
BANQUE	Velours
BANQUE	Ane
BANQUE	Talon
BANQUE	Fond
BANQUEROUTE	Faillite
BANQUEROUTE	Banqueroutier
BANQUET	Chaperon
BANQUET	Fonceau
BANQUET	Branche
BANQUET	Touret
BANQUETTE	Appui
BANQUIER	Changeur
BANQUIER	Remise
BANQUIER	Change
BANQUIER	Expéditionnaire
BANQUIER	Pharaon
BANQUIER	Bassette
BANQUIER	Ponte
BANZA	S. Salvador
BAPTÊME	Matiere
BAPTÊME	Rebaptisans
BAPTISTE	Anabaptistes
BAPTISTE	Catabaptistes
BAPTISTE	Hemero-Baptistes
BAPTISTE	Hermites
BAPTISTERE	Baptême
BAPTISTERE	Fonts
BAR	Bardeur
BAR	Barder
BARAICUS	Dé
BARALIPTON	Syllogisme
BARAMPOUR	Brampour
BARATTERIE	Barat
BARBACANNE	Défense
BARBACANNE	Créneau
BARBACANNE	Embrasure
BARBARA	Syllogisme
BARBARES	Code
BARBARES	Combat
BARBARES	Epreuve
BARBARICAIRE	Lisse
BARBARIE	Corail
BARBARIN	Surmulet
BARBARIN	Barbeau
BARBE	Poil
BARBE	Tonsure
BARBE	Adoption
BARBE	Parrein
BARBE	Comete
BARBE	Queue
BARBE	Comete
BARBE	Cheval
BARBE	Ganache
BARBE	Serrure
BARBE	Plante
BARBE	Plante
BARBE	Plante
BARBE	Plante
BARBE	Adragant
BARBE	Poisson
BARBE	Nageoires
BARBE	Plume
BARBE	Blé
BARBE	Épi
BARBE	Draperie
BARBEAU	Poisson
BARBEAU	Bluet
BARBEIER, BARBOTER, FRISER	Vent
BARBERIE	Barbier
BARBETS	Barbeau
BARBIER	Chirurgie
BARBIER	Anthias
BARBIER	Poisson
BARBILLON	Barbeau
BARBOTE	Poisson
BARBOTINE	Ver
BARBOTINE	Vermifuge
BARBUE	Turbot
BARBUE	Poisson
BARBURES	Grande fonderie
BARBURES	Balevre
BARDANE	Plante
BARDER	Bar
BARDER	Chariot
BARDER	Barde
BARDER	Carrousels
BARDEUR	Bar
BARGE	Petit Corlieu
BARLINS	Tordre
BARLINS	Remettre
BARNACLE, BARNAQUE	Bernacle
BARNACLES	Bernacle
BAROCHE	Rechampir
BAROCO	Syllogisme
BAROMETRE	Atmosphere
BAROMETRE	Tems
BAROMETRE	Baroscope
BAROMETRE	Hydrostatique
BAROMETRE	Manometre
BAROMETRE	Atmosphere
BARON	Baronie
BARON	Noblesse
BARON	Pair
BARON	Cinq ports
BARON	Noblesse
BARONET	Chevalier
BARONIE	Baron
BAROSCOPE	Barometre
BAROTINS	Barrotins
BAROTS	Barrots
BARQUES	Navigation
BARQUES	Vaisseau
BARQUES	Batiment
BARQUES	Canot
BARQUES	Bateau
BARRA	Cabidos
BARRA	Verge
BARRACAN	Draperie
BARRACANIERS	Barracan
BARRAGER	Barrage
BARRE	Cour
BARRE	Advocat
BARRE	Exception
BARRE	Dilatoire
BARRE	Lice
BARRE	Partition
BARRE	Fasce
BARRE	Havre
BARRE	Lisse de hourdi
BARRE	Cabestan
BARRE	Virevaux
BARRE	Timon
BARRE	Manivelle
BARRE	Mats
BARRE	Canon
BARRE	Mangeoire
BARRE	Poteau
BARRE	Embarrer
BARRE	Lintot
BARRE	Soudure
BARRE	Bas
BARRE	Peigne
BARRE	Barroir
BARRE	Tour
BARRE	Verrerie
BARRE	Pot
BARRE	Tonnelle
BARRÉ	Os
BARRÉ	Hanche
BARRÉ	Dents barrées
BARRÉ	Dent
BARRÉ	Barre
BARRÉ	Contre-barré
BARRÉ	Contre
BARRÉ	Partage
BARRÉ	Compartiteur
BARREAU	Barre
BARRELIERE	Plante
BARRER	Abattre
BARRER	Barre
BARRER	Barre
BARRETTE	Roue
BARRETTE	Pivot
BARRETTE	Tige
BARRETTE	Tigeron
BARRETTE	Platine
BARRICADE	Palissade
BARRIERE	Hymen
BARRIERE	Ansette
BARRIL	Mesure
BARRIL	Pipe
BARRIL	Tonneau
BARRILLET	Barril
BARRILLET	Oreille
BARRILLET	Tympan
BARRILLET	Pompe
BARRILLET	Piston
BARRILLET	Clapet
BARRILLET	Crochet
BARRILLET	Montre
BARRILLET	Ressort
BARRILLET	Arbre de barillet
BARRILLET	Pendule
BARRILLET	Sonnerie
BARRIQUE	Gallon
BARROTS	Bau
BARROTINS	Caillebotis
BARTAVELLE	Perdrix rouge
BARUTH	Gantan
BAS	Porter
BAS	Talon
BAS	Tricoter
BAS	Aiguille
BAS	Moule
BAS	Aiguille
BAS	Estame
BAS	Chiner
BAS	Flamber
BAS-BORDES ou BAS-BORDAIS	Quart
BAS-FOND	Banc
BAS-FOND	Basses
BAS-JUSTICIER	Justice
BAS-JUSTICIER	Levage
BAS-JUSTICIER	Espave
BAS-JUSTICIER	Banalité
BAS-MÉTIER	Agrément
BAS-RELIEF	Sculpture
BAS-VENTRE	Abdomen
BASANNE	Cuirs
BASANNE	Chipage
BASANNE	Redon
BASANNE	Tannerie
BASANNE	Megie
BASARUCO	Rey
BASCULE	Pont-levis
BASCULE	Horloge de clocher
BASCULE	Bas-au-métier
BASCULE	Banneton
BASCULE	Sommier
BASCULE	Positif
BASCULE	Boursette
BASCULE	Abregé
BASCULE	Boursettes
BASCULE	Sommier
BASE	Figure
BASE	Hypothénuse
BASE	Solide
BASE	Cone
BASE	Conique
BASE	Distinct
BASE	Rempart
BASE	Parapet
BASE	Cœur
BASE	Aorte
BASE	os Hyoïde
BASE	Omoplate
BASILAIRE	Os Sacrum
BASILAIRE	Sphénoïde
BASILAIRE	Occipital
BASILAIRE	Sphénoïde
BASILAIRE	Protubérance
BASILAIRE	Carotide
BASILIC	Plante
BASILIDIENS	Nom
BASILIDIENS	Pythagoricien
BASILIQUE	Temple
BASILIQUE	Droit civil
BASILIQUE	Mandement
BASILIQUE	Anatomie
BASILIQUE	Phlébotomie
BASILIQUE	Lion
BASIN	Portée
BASIN	Peigne
BASIO-PHARYNGIEN	Hyo-pharngien
BASRACH	Bassora
BASSE	Bas
BASSE	Partition
BASSE	Harmonie figurée
BASSE	Contre-basse
BASSE	Harmonie
BASSE	Modulation
BASSE	Cadence
BASSE	Dissonance
BASSE	Supposition
BASSE	Liaison
BASSE	Dissonance
BASSE	Dominante
BASSE	Sous-dominante
BASSE	Préparer
BASSE	Septieme diminuée
BASSE	Cadence
BASSE	Accord
BASSE	Accord
BASSE	Supposition
BASSE	Fausse-quinte
BASSE	Triton
BASSE	Harmonie
BASSE	Dessus
BASSE	Composition
BASSE	Préparer
BASSE	Sauver
BASSE	Mode
BASSE DE VIOLE	Viole
BASSE DE FLÛTE TRAVERSIERE	Flûte traversiere
BASSE DE FLÛTE TRAVERSIERE	Flûte traversiere
BASSE DE FLÛTE TRAVERSIERE	Tour à lunette
BASSE DES ITALIENS	Basse de Violon
BASSE DE VIOLON	Violon
BASSE DE VIOLON	Viole
BASSE-ENCEINTE	Fausse-braie
BASSE-JUSTICE	Justice
BASSE-JUSTICE	Fonciere
BASSE-JUSTICE	Bas-justicier
BASSE-TAILLE	Basse
BASSE-TAILLE	Haute-contre
BASSE-LISSE	Lisse
BASSETTE	Pharaon
BASSETTE	Alternation
BASSETTE	Combinaison
BASSETTE	Jeu
BASSETTE	Pari
BASSETTE	Avantage
BASSETTE	Pharaon
BASSICOT	Ardoise
BASSIN	Bassin
BASSIN	Darse
BASSIN	Abdomen
BASSIN	Matrice
BASSIN	Hanche
BASSIN	Coccyx
BASSIN	Reins
BASSIN	Mammelon
BASSIN	Uretere
BASSIN	Urine
BASSIN	Vendu-meester
BASSIN	Balance
BASSIN	Chapeau
BASSIN	Miroitier
BASSIN	Lunette
BASSIN	Moulin
BASSIN	Tour en l'air
BASSIN	Bassin
BASSIN	Forme
BASSIN	Rafraichissoir
BASSIN	Cuite
BASSIN	Rafraichissoir
BASSIN	Dale
BASSIN	Clairée
BASSIN	Passer
BASSINE, BASSIN	Savonner
BASSINET	Bassin
BASSON DE HAUTBOIS	Flute
BASSON DE HAUTBOIS	Anche
BASSON DE HAUTBOIS	Haut-bois
BASTILLE	Chateau
BASTILLE	Tour
BASTINGUE	Pavois
BASTION	Face
BASTION	Flanc
BASTION	Gorge
BASTION	Demi-gorge
BASTION	Gorge
BASTION	Redoutes à machicoulis
BASTION	Fortification
BASTION	Défense
BASTION	Fortification
BASTION	Magasin
BASTION	Cavalier
BAT	Panneau
BAT	Surfaix
BAT	Croupiere
BATAILLE	Ordre de bataille
BATAILLE	Armée
BATAILLE	Combat naval
BATAILLE	Combat
BATAILLON	Grenadier
BATAILLON	File
BATAILLON	Colonne
BATAILLON	Racine quarrée
BATAILLON	Progression arithmétique
BATANOMES	Caire
BATARD	Légitimation
BATARD	Légitimation
BATARD	Racage
BATARDE ou BASTARDELLE	Fonte
BATARDE ou BASTARDELLE	Bassin d’empli
BATARDE ou BASTARDELLE	Serviteur
BATARDE ou BASTARDELLE	Mettre à hauteur
BATARDE ou BASTARDELLE	Monter
BATARDE ou BASTARDELLE	Detaper
BATARDE ou BASTARDELLE	Batardes
BATARDE ou BASTARDELLE	Ecriture
BATARDISE	Batard
BATE	Moulure
BATE	Cuvette
BATE	Boîte
BATE	Pieces de rapport
BATH	Mer d’airain
BATH	Eau
BATHASECK	Batha
BATI	Batir
BATIER	Sellier
BATIR	Batiment
BATIR	Chapeau
BATIR	Avaloire
BATIR	Piece
BATIR	Choque
BATMAN ou BATTEMANT	Quintal
BATMAN ou BATTEMANT	Ocquo
BATON	Bande
BATON	Chandelle
BATON	Bougie
BATON	Tablettes
BATON	Suc de Reglisse
BATON	Arbalestrille
BATON	Neper
BATON	Tore
BATON	Silence
BATON	Mode
BATON	Battre la mesure
BATON	Egrisoir
BATON	Frotter
BATON	Gant
BATON	Tourne-gant
BATON	Voiler
BATON	Velours
BATON	Velours
BATON	cuite
BATON	Preuve
BATON	Chaudiere à cuite
BATON	Haute-lisse
BATONNIER	Tableau
BATONNIERS	Baton
BATTAGE	Fléau
BATTAGE	Vanner
BATTAGE	Crible
BATTAGE	Triage
BATTAGE	Draperie
BATTAGE	Draperie
BATTAGE	Moulin à poudre
BATTANS	Fonte des cloches
BATTANS	Tisserans
BATTANS	Passementier
BATTANS	Drapier
BATTANS	Manufacturiers en Soie
BATTANS	Velours
BATTE	Beurre
BATTE	Fondeur en terre
BATTE	Orgue
BATTE	Peigne
BATTE	Paumier
BATTE	Bergeronnette
BATTEMENT	Pouls
BATTEMENT	Pouls
BATTEMENT	Renversement
BATTEMENT	Vibration
BATTEMENT	Battement d’épée
BATTEMENT	Premier Dégagement forcé
BATTEMENT	Premier Dégagement serré
BATTEMENT	Coupé
BATTERIE	Platte-forme
BATTERIE	Charge
BATTERIE	Canon
BATTERIE	Batterie à ricochet
BATTERIE	Mortier
BATTERIE	Bombe
BATTERIE	Batteries de revers
BATTERIE	Foulerie
BATTERIE	Chapeau
BATTERIE	Moulin à Papier
BATTERIE	Moulin à Poudre
BATTERIE	Chapelerie
BATTERIE	Bonneterie
BATTEURS	Reconnoître
BATTEURS	Blé
BATTOIR	Batte
BATTRE	Batterie
BATTRE	Chamade
BATTRE	Rythme
BATTRE	Martingale
BATTRE	Beurre
BATTRE	Tan
BATTRE	Battage
BATTRE	Mouton
BATTRE	Moule
BATTRE	Papier
BATTRE	Tan
BATTRE	Trictrac
BATTRE	Dame
BATTRE	Fleche
BATTU	Trait
BATTU	Tireur d'or
BATTU	Pas
BATTUE	Soie
BATTUE	Tirage
BATTUE	Soie
BATTURE	Basse
BAU, BAUX, BARROTS	Barrot
BAUDROIE	Poisson
BAUDRUCHE	Battre
BAVEUSE	Percepierre
BAVEUSE	Coquillade
BAVEUSE	Poisson
BAUHINE	Plante
BAUME	Opo-balsamum
BAUME	Carpo-balsamum
BAUME	Xylobalsamum
BAYANISME ou BAIANISME	Jansénisme
BAYE ou BAIE	Baie
BAZZARUCO	Basaruco
BEATIFICATION	Canonisation
BEAU	Peine
BEAU	Plaisir
BEAU	Goût
BEAU	Bon
BEAU	Sens
BEAU	Sensation
BEAU	Bon
BEAU	Beau
BEAU	Joli
BEAU	Abstraction
BEAU	Substance
BEAU	Définition
BEAU	Optimisme
BEAU-FILS ou BELLE-FILLE	Gendre
BEAU-FILS ou BELLE-FILLE	Bru
BEAU-PERE ou BELLE-MERE	Beau-fils
BEAU-LIEU	Parer
BEAU-LIEU	Partir
BEAU PAS	Pas
BEAUX-JARRETS	Jarret
BEAUX MOUVEMENS	Mouvement
BEAUPRÉ	Passer
BEAUPRÉ	Civadiere
BEAUTÉ	Beau
BEAUTÉ	Aveugle
BEC	Oiseau
BEC	Bec croisé
BEC	Avoceta
BEC	Oiseau
BEC	Oiseau
BEC	Plante
BEC	Dauphin
BEC	Pituitaire
BEC	Lambel
BEC	Ordre dorique
BEC	Bas au métier
BEC	Menuisier
BEC	Biseau
BEC	[1]
BEC	Tire-balle
BEC	Parterre
BEC	Herbe à Robert
BEC	Tire-balle
BEC DE LIEVRE	Plaie
BEC DE LIEVRE	Aiguille
BEC DE LIEVRE	Fronde
BÉCASSE	Oiseau
BÉCASSE	Bécassine
BÉCASSE	Oiseau
BÉCASSE	Poisson
BÉCASSE	Becune
BÉCASSE	Renverger
BÉCASSINE	Oiseau
BEC-FIGUE	Tête noire
BEC-FIGUE	Oiseau
BECHARU	Flamand
BECHET	Chameau
BECK	Gallon
BEDA	Mine
BECHOTTER	Bequiller
BEEL-PHEGOR ou BEL-PEHOR	Baal
BEELZEBUB	Baal
BEFROY	Ouverture des Portes
BEFROY	Fonte des cloches
BEGAYER	Battre à la main
BEGGHARDS ou BEGGUARDS, BEGUINS	Dulcinistes
BEGGHARDS ou BEGGUARDS, BEGUINS	Beguines
BEGONE	Plante
BEGUINES	Begghards
BEHEMOTH	Élephant
BEIZA, ou BEIZATH	Log
BEIZA, ou BEIZATH	Bezant
BEIZA, ou BEIZATH	Dinar
BEIZA, ou BEIZATH	Dragme
BELANDRE, ou BELANDE	Heu
BELATUCADRUS	Belenus
BELBUCH, et ZEOMBUCH	Manichéisme
BELBUCH, et ZEOMBUCH	Immortalité
BELBUCH, et ZEOMBUCH	Ame
BELENOIDE	Styloïde
BELETTE	Fouine
BELETTE	Putois
BELETTE	Quadrupede
BELI	Covalam
BELIC	Gueule
BELIER	Agneau
BELIER	Mouton
BELIER	Brebis
BELIER	Quadupede
BELIER	Signe
BELIER	Printems
BELIER	Equinoxe
BELIER	Helepole
BELIERES	Cliquet
BELIERES	Talon
BELIN	Blin
BELLADONE	Plante
BELLA MORESK	Leporie
BELLE, EMBELLE	Herpe
BELLE, EMBELLE	Embelle
BELLE, EMBELLE	Aborder
BELLE, EMBELLE	Jalap
BELLERIES	Myrobolans
BELLID ASTRUM	Plante
BELLINUS	Belenus
BELLIS ou MARGUERITE	Marguerite
BELLON	Plomb
BELLONE	Plante
BELOMANTIE	Divination
BELOMANTIE	Rhabdomantie
BEL-OUTIL	Orfevre
BELVEDERE	Trianon
BELVEDERE	Patte d’oye
BÉMOL	B. mol
BEN	Mouringou
BENARI	Ortolan
BENATAGE	Bénatiers
BENATAGE	Benate
BENATE	Benatiers
BENATIERS	Benate
BENDIDIES	Bendis
BENEDICTINS	Moines
BENEDICTINS	Religieux
BENEDICTINS	Camaldules
BENEDICTINS	Chartreux
BENEDICTINS	Cîteaux
BÉNÉFICE	Age
BÉNÉFICE	Cession
BÉNÉFICE	Division
BÉNÉFICE	Discussion
BÉNÉFICE	Inventaire
BÉNÉFICE	Aunage
BÉNÉFICE	Spahi
BÉNÉFICE	Timariot
BÉNÉFICIAIRE	Inventaire
BÉNÉFICIATURES	Bénéfice
BÉNÉVOL	Girovage
BENGALE	Benjans
BENIN	Fievre
BENOITE	Plante
BÉQUARRE	B quarre
BEQUETTE	Bequette
BEQUETTE	Branche
BEQUETTE	Moule
BERCE	Gorge-rouge
BERCE	Plante
BERCEAU	Cintre
BERCEAU	Gravure
BERCELLE	Email
BERCELLE	Moule
BERDIN ou BERLIN	Patelle
BERGAME	Tapisserie
BERGAMOTTES	Essence
BERGAMOTTES	Tabac
BERGERETTE	Bergeronnette
BERGERONETTE	Oiseau
BERICHOT	Roitelet
BERIL	Aigue Marine
BERIL	Crystal factice
BERLE	Plante
BERLINGOT	Berline
BERME	Amydon
BERMIERS	Tripot
BERMIERS	Muire
BERMIERS	Saline
BERMUDIENNE	Plante
BERNACLE	Cravant
BERNACLE	Cravant
BERNARD-L’HERMITE	Crustacées
BERNARDINS	Cisterciens
BERNE	Hisser
BERNE	Ferler
BERTONNEAU	Turbot
BERTOIS	Ardoise
BES	As
BESICLES	Presbyte
BESICLES	Convexe
BESICLES	Lentille
BESICLES	Verre
BESICLES	Myope
BESICLES	Convergent
BESICLES	Presbyte
BESICLES	Myope
BESICLES	Vision
BESLERIE	Plante
BESON	Jé
BESON	Masse
BESORCH	Pays
BESSON, BOSSON, BOUCHE, BOUGE	Bau
BESSON, BOSSON, BOUCHE, BOUGE	Tillac
BESTIAIRES	Gladiateur
BESTIAIRES	Amphithéatre
BESTIAUX	Bétail
BETAIL	Bœuf
BETAIL	Vache
BETAIL	Mouton
BETAIL	Brebis
BETAIL	Bouc
BETAIL	Chevre
BETAIL	Agneau
BETAIL	Berger
BETAIL	Bergerie
BETE, ANIMAL, BRUTE	Ame des Bêtes
BETE, ANIMAL, BRUTE	Ame
BETE, ANIMAL, BRUTE	Animal
BETE, ANIMAL, BRUTE	Bestiaires
BETE, ANIMAL, BRUTE	Amphithéatre
BETE, ANIMAL, BRUTE	Cirque
BETE, ANIMAL, BRUTE	Théatre
BETE, ANIMAL, BRUTE	Gymnase
BETE, ANIMAL, BRUTE	Gymnastique
BETE, ANIMAL, BRUTE	Athlète
BETE, ANIMAL, BRUTE	Lutte
BETE, ANIMAL, BRUTE	Venaison
BETOINE	Plante
BEURICHON	Roitelet
BEURRE	Lait
BEURRE	Baratte
BEURRE	Cinabre d'Antimoine
BEURRE	Algaroth
BEURRE	Antimoine
BEY, ou BEG	Begler-Beg
BEZANT ou BIZANT	Monnoyage
BEZANT ou BIZANT	Monnoie
BEZANTÉ	Bezant
BEZESTAN	Bazar
BÉZOARD	Egagropile
BÉZOARD	Bézoard fossile
BEZOAR-MINERAL	Antimoine
BEZOAR-MINERAL	Anti-hectique
BÉZOLE	Lavaret
BÉZOLE	Poisson
BIA	Coris
BIAN	Corvée
BIATHANATES	Suicide
BIBA	Anacarde
BIBLE	Ecriture
BIBLE	Canon
BIBLE	Septante
BIBLE	Version
BIBLE	Polyglotte
BIBLE	Septante
BIBLE	Targum
BIBLE	Faculté
BIBLE	Licence
BIBLE	Théologie
BIBLIOTHEQUE	Catalogue
BIBLIOTHEQUE	Astronomie
BIBLIOTHEQUE	Septante
BIBLIOTHEQUE	Livre
BIBLIOTHEQUE	Eutychiens
BIBLIOTHEQUE	Nestoriens
BIBLISTES	Tradition
BIBLISTES	Église
BICHE	Cerf
BICHE	Poisson
BICHET	Arpent
BICONGE	Conge
BIDENS ou TESTE CORNUE	Plante
BIDENTALES	Tonnerre
BIDON	Broc
BIEN	Plaisir
BIEN	Sagesse
BIEN	Vertu
BIENS	Effet
BIENS	Meuble
BIENS	Immeuble
BIENS	Propre
BIENS	Acquêt
BIENS	Conquêt
BIENS	Corporel
BIENS	Incorporel
BIENS	Noble
BIENS	Roturier
BIENS	Adventice
BIENS	Dot
BIENS	Fugitif
BIENS	Paraphernaux
BIENS	Profectice
BIENS	Vacant
BIENS	Maison
BIENS	Marchandise
BIENS	Rente
BIENS	Champart
BIENS	Terres labourables
BIENS	Vignes
BIENFAITEUR et BIENFAITRICE	Fondateur
BIENFAITEUR et BIENFAITRICE	Patron
BIENHEUREUX	Paradis
BIENHEUREUX	Vision intuitive
BIENHEUREUX	Bonheur
BIENSEANCE	Convenance
BIENSEANCE	Aspect
BIENVEILLANCE	Subside
BIENVEILLANCE	Taxe
BIENVEILLANCE	Aides
BIERRE	Brasserie
BIEVRE	Castor
BIEVRE	Harle
BIFRE	Castor
BIGAME	Bigamie
BIGAMIE	Mariage
BIGAMIE	Polygamie
BIGARREAU, BIGARREAUTIER	Cerisier
BIGNONE	Plante
BIGORNE	Nœuds
BIGOT	Amphora
BIHOREAU	Oiseau
BIJOUTIER	Orfevre
BIIS	Man
BIL ou BILL	Chancelier
BIL ou BILL	Chancellerie
BIL ou BILL	Parlement
BIL ou BILL	Appel
BILAN	Carnet
BILAN	Livre des Echéances
BILAN	Carnet
BILAN	Virement
BILAN	Balance
BILBOQUET	Ajuster
BILBOQUET	Tailleresses
BILBOQUET	Chevre
BILE	Foie
BILE	Fiel
BILE	Vésicule
BILE	Pore
BILE	Soif
BILE	Jaunisse
BILIAIRE	Hépatique
BILIAIRE	Conduit cyst-hépatique
BILIEUX	Bile
BILIEUX	Tempérament
BILL	Bil
BILLARD	Table
BILLARD	Tapis
BILLARD	Bande
BILLARD	Passe
BILLARD	Belouse
BILLARD	Bille
BILLE	Tourd
BILLE	Chamois
BILLER	Chamois
BILLET	Change
BILLET	Banque
BILLET	Passe-de-bout
BILLET	Caisse des emprunts
BILLET	Echiquier
BILLETIER	Billette
BILLETTE	Dez
BILLETTE	Billette
BILLONAGE	Billoneur
BILLONEUR	Billonage
BILLION	Numération
BILLOT	Buisse
BILLOT	Imprimerie en Taille-douce
BILLOT	Abregé
BILLOT	Refouler
BILLOT	Mandrin
BILLOT	Dolés
BILLOT	Repasser
BIMBLOTIER	Bimbloterie
BIMEDIAL	Commensurable
BIMEDIAL	Irrationnel
BIMEDIAL	Puissance
BINAGE	Agriculture
BINAIRE	Échelles arithmétiques
BINAIRE	Arithmétique
BINAIRE	Arithmétique
BINAIRE	Echelles arithmétiques
BINETTE	Serfouette
BINOCLE, ou TÉLESCOPE BINOCULAIRE	Télescope
BINOCULAIRE	Binocle
BINOME	Monome
BINOME	Trinome
BINOME	Série
BINOME	Suite
BINOME	Convergent
BINOME	Divergent
BINOME	Exposant
BINOT	Agriculture
BINOTIS	Labour
BINOTIS	Agriculture
BINOTIS	Binot
BIPARTITION	Bissection
BIQUADRATIQUE	Puissance
BIQUADRATIQUE	Racine
BIQUADRATIQUE	Quarré-quarré
BI-QUINTILE	Aspect
BISCUIT	Machemoure
BISCUIT	Couverte
BISCUIT	Poterie de terre
BISCUIT	Fayence
BISCUIT	Porcelaine
BISE	Tecali
BISEAU	Chamfrain
BISEAU	Bourdon
BISEAU	Montre
BISER	Avoine
BISET	Oiseau
BISMUTH	Cobalt
BISMUTH	Blanc de Bismuth
BISMUTH	Encre de sympathie
BISON	Taureau
BISQUAINS	Housse
BISSECTION	Division
BISSEXTILE	An
BISSEXTILE	Calendrier Grégorien
BISSUS	Pinna Marina
BISTI	Beisti
BISTORTE	Plante
BISTOURI	Hernie
BISTOURI	Phymosis
BISTOURNER	Chatrer
BISTRE	Lavis
BITORD	Corderie
BITTE	Piliers de Bittes
BITTONNIERES et VITONNIERES	Anguilleres
BITUME	Petrole
BITUME	Pissasphalte
BITUME	Ambre
BITUME	Jayet
BITUME	Asphalte
BITUME	Arsenic
BITUME	Asphalte
BIVALVE	Coquille
BIZE	Pélamyde
BIZE	Poisson
BLAIREAU, TAISSON	Quadrupede
BLAME	Adveu
BLANC	Couleur
BLANC	Couleur
BLANC	Noir
BLANC	Chaleur
BLANC	Plomb
BLANC	Couleur
BLANC	Batteur d’or
BLANC	Blanchir
BLANC	Fayence
BLANC	Corps
BLANC	Longue piece
BLANC	Platine
BLANC	Couper
BLANC	Corps
BLANC	Blanc
BLANC	Baleine
BLANC	Cachalot
BLANC	Conjonctive
BLANC	Œil
BLANC	Fer à polir
BLANC	Polir
BLANCHE	
BLANCHE	Mesure
BLANCHE	Valeur des notes
BLANCHE	Ferme
BLANCHET	Carrelet
BLANCHET	Filtration
BLANCHET	Dale
BLANCHET	Clairée
BLANCHET	Crochet
BLANCHEUR	Blanc
BLANCHEUR	Couleur
BLANCHEUR	Couleur
BLANCHEUR	Prisme
BLANCHEUR	Rayon
BLANCHEUR	Pasleur
BLANCHEUR	Urine
BLANCHEUR	Lienterie
BLANCHEUR	Obstruction
BLANCHIMENT	Blanc
BLANCHIMENT	Blanchir
BLANCHIR	Paroire
BLANCHIR	Cire
BLANCHIR	miel
BLANCHIR	Quarré
BLANCHIR	Amande
BLANCHIR	Abricots
BLANCHIR	Dorer
BLANCHIR	Etamer
BLANCHIR	Plaque
BLANCHIR	Croisée
BLANCHIR	Portée
BLANCHIR	Rabotter
BLANCHIR	Blanchiment
BLANCHIR	Blanchiment
BLANCHIR	Eau seconde
BLANCHIR	Plomb
BLANCHIR	Plombier
BLANCHIR	Soie
BLANCHIR	Bonneterie
BLANCHIR	Drapier
BLANCHIR	Laine
BLANCHISSERIE DES TOILES	Tisserand
BLANCHISSERIE DES TOILES	Foulon
BLANCHISSERIE DES TOILES	Moulin à Foulon
BLANCHISSERIE DES TOILES	Ecope
BLASON	Armoiries
BLASON	Armoiries
BLASON	Devise
BLATTE	Insecte
BLÉ	Pain
BLÉ	Grain
BLÉ	Semence
BLÉ	Froment
BLÉ	Seigle
BLÉ	Méteil
BLÉ	Blé de Turquie
BLÉ	Blé noir
BLÉ	Manioc
BLÉ	Boulanger
BLÉ	Froment
BLÉ	Seigle
BLÉ	Méteil
BLÉ	Grenier
BLÉ	Plante
BLÉ	Agriculture
BLÉ	Plante
BLÉ	Agriculture
BLENDE	Zinc
BLEU	Couleur
BLEU	Noirceur
BLEU	Email
BLEU	Cobalt
BLEU	Glacer
BLEUISSOIR	Revenoir
BLETE	Plante
BLIN, BELIN	Lanterne de l'Ourdissoir
BLIN, BELIN	Ourdir
BLIN, BELIN	Ourdissoir
BLOC	Marbre
BLOC	Chouquet
BLOC	Sep-de-drisse
BLOC	Plamoter
BLOC	Pain
BLOC	Tête
BLOC	Sucre
BLOCUS	Siége
BLONDE	Blonde travaillée
BLONDE	Fonds
BLONDE	Grillage
BLONDE	Moche
BLONDE	Ecales
BLONDE	Tournette
BLONDE	Morvolant
BLONDE	Doubler
BLONDE	Charger
BLONDE	Filet
BLONDE	Dentelle
BLONDE	Chenille
BLONDE	Dentelle
BLOQUER	Blocus
BLOUSES	Billard
BLUTEAU	Courroyer
BOACRES	Boacte
BOBECHE	Chandelier
BOBECHE	Coutelier
BOBINE	Rochet
BOBINE	Tireur-d’or
BOBINER	Tireur-d’or
BOCAL	Brante
BOCAL	Rubbia
BOCAMBRE	Bocard
BOCARDO	Syllogisme
BOCCA D’INFERNO	Feux Follets
BOCCONE	Plante
BOCKEM	Hareng
BODINERIE	Aventure
BODINURE	Ancre
BOESSER	Gratte-bosse
BOEUF	Taureau
BOEUF	Etable
BOEUF	Scorbut
BOEUF	Cuir
BOEUF	Tannerie
BOEUF	Colle
BOEUF	Baudruche
BOEUF	Batteur d’or
BOEUF	Veau marin
BOEUF	Roitelet
BOEUF	Éparvin
BOGARMILE	Bogomiles
BOGARMILE	Bongomiles
BOGUE, BOOPS, BOX	Dorade
BOGUE, BOOPS, BOX	Poisson
BOIER	Boyer
BOIRE	Gosier
BOIRE	Estomac
BOIRE	Chamois
BOIS	Futaie
BOIS	Taillis
BOIS	Forêt
BOIS	Baliveaux
BOIS	Resistance
BOIS	Mort bois
BOIS	Chantier
BOIS	Train
BOIS	Anneau
BOIS	Corde
BOIS	Membrure
BOIS	Train
BOIS	Moule
BOIS	Membrure
BOIS	Bois de chauffage
BOIS	Sciage
BOIS	Houille
BOIS	Charbon de terre
BOIS	Jayet
BOIS	Pétrification
BOIS	Teinture
BOIS	Rouge
BOIS	Lacque
BOIS	Cerisier
BOIS	Plante
BOIS	Bas
BOIS	Forme
BOIS	Biseau
BOIS	Coin
BOIS	Eventail
BOIS	Dame
BOIS	Trictrac
BOISER	Décoration
BOISSEAU	Muid
BOISSEAU	Bouton
BOISSEAU	Galon
BOISSEAU	Ceinture
BOISSELIER	Tourneur
BOITE	Plastron
BOITE	Canon
BOITE	Hampe
BOITE	Alésoir
BOITE	Paillon
BOITE	Crapaudine
BOITE	Charniere
BOITE	Ressort de cadran
BOITE	Drageoir
BOITE	Charniere
BOITE	Tablette
BOITE	Platine
BOITE	Presse
BOITE	Presse
BOITE	Entrée
BOITE	Table
BOITE	Balancier
BOITE	Trompette
BOITE	Orgue
BOITE	Navette
BOITE	Tour
BOITEUX	Retour
BOL	Terre
BOL	Pinceau au Bol
BOLDUC	Bois-le-Duc
BOLLANDISTES	Acte
BOLLANDISTES	Saint
BOLLOS	Argent
BOMBARDE	Canon
BOMBARDE	Trompette
BOMBARDE	Orgue
BOMBARDIER	Mortier
BOMBE	Fusée
BOMBE	Mortier
BOMBE	Chambre
BOMBE	Mortier
BOMBE	Batterie de Mortiers
BOMBE	Balistique
BOMBE	Projectile
BOMBEMENT	Bombé
BOMBER	Frappe-plaque
BON	Esprit
BON	Manichéisme
BON	Épicuréisme
BON	Esprit
BON	Résurrection
BON	Charité
BON	Quiétisme
BON	Beau
BON	Tragédie
BON	Aunage
BON	Bénéfice
BONACE	Calme
BONAROTE	Plante
BONASIENS	Adoptiens
BOND	Reflexion
BOND	Aller
BONDONNIERE	Tonnelier
BONDRÉE	Buse
BONDUC	Plante
BON-HENRI	Patte-d’oie
BONHEUR	Plaisir
BONJEAU	Lin
BONITON	Poisson
BONNE-DAME	Arroche
BONNE TENUE	Tenue
BONNEAU	Bouée
BONNE-ESPERANCE	Cap
BONNET	Mortier
BONNET	Bonnet
BONNET	Carocha
BONNET	Inquisition
BONNET	Couronne
BONNET	Docteur
BONNET	Maistre-ès-Arts
BONNET	Tenaille-double
BONNET	Angle mort
BONNET	Fusain
BONNETERIE	Laine
BONNETERIE	Soie
BONNETERIE	Castor
BONNETERIE	Vigogne
BONNETERIE	Draperie
BONNETERIE	Draperie
BONNETERIE	Draperie
BONNETERIE	Draperie
BONNETERIE	Teinture
BONNETERIE	Aumusse
BONNETERIE	Bas au métier
BONNETERIE	Aveugle
BONNETIER	Bonneterie
BONNETIER	Bas-au-metier
BONNETTE	Fleche
BONOSIAQUES ou BONOSIENS	Bonosiens
BONOSIENS	Photiniens
BONOSIENS	Paulianistes
BONS-HOMMES	Minimes
BONTIA	Plante
BOOPE	Bogue
BOQUELLE	Daller
BOQUETEAU	Buisson
BOQUETEAU	Forest
BORAMETS, ou BORANETZ	Agnus Scythicus
BORAX	Sel sédatif
BORBONIA	Plante
BORD	Navire
BORD	Vaisseau
BORD	Dent de rat
BORD	Fonte
BORD	Corps
BORD	Manchon
BORDAGE, BORDAGES, FRANCBORD	Preceinte
BORDAGE, BORDAGES, FRANCBORD	Esquain
BORDÉ	Voûte
BORDÉE	Bord sur bord
BORDÉE	De bord à bord
BORDELAGE	Communauté coûtumiere
BORDELIERE	Poisson
BORDEMENT	Parfondre
BORDER	Rang
BORDER	File
BORDER	Quein
BORDEREAU	Livre de Caisse
BORDEREAU	Bordereaux
BORDOYER	Peinture en émail
BORDURE	Border
BOREAL	Aurore Boréale
BORÉE	Vent
BORÉE	Nord
BORNAGE	Action
BORNE	Bornage
BORNOYER ou BORNEYER	Degauchir
BORSHOLDER	Dixaine
BOSEL	Astragale
BOSPHORE	Détroit
BOSPHORE	Mer
BOSQUET	Tracer
BOSQUET	Planter
BOSSE	Rachitis
BOSSE	Eminence
BOSSE	Occipital
BOSSE	Hauban
BOSSE	Candelette
BOSSE	Serrure
BOSSE	Applatissoire
BOSSE	grosses Forges
BOSSE	Poulain
BOSSE	Verrerie a vitre
BOSSETTE	Fonceau
BOSSETTE	Mors
BOSSIER	Bosse
BOSSIER	Verrerie en plate
BOSSON	Bouge
BOSSON	Besson
BOSSU	Vertebre
BOSSU	Bosse
BOSSU	Bossue
BOSSU	Foie
BOSSU	Phase
BOSSU	Lune
BOTALL	Cœur
BOTANIQUE	Méthode
BOTANIQUE	Agriculture
BOTANIQUE	Matiere médicale
BOTANIQUE	Animalcule
BOTANIQUE	Histoire naturelle
BOTANIQUE	Plante
BOTHRION	Argema
BOTHYNOE	Aurore boréale
BOTRYTIS	Plante
BOTTE	Cordonnier-Bottier
BOTTE	Garnitures rondes
BOTTE	Botte de cour
BOTTE	Botte de cour
BOTTE	Contre-fort
BOTTE	Genouillere
BOTTE	Botte de chasse
BOTTE	chaudron
BOTTE	Couture
BOTTE	Tige
BOTTE	Arobe
BOTTE	Gallon
BOTTE	Amphora
BOTTE	Corde à boyau
BOTTE	Parchemin
BOTTE	Estocade
BOTTELAGE	Foin
BOTTELER	Botte
BOTTELEUR	Foin
BOTTIER	Cordonnier
BOTTINES	Passans
BOUARD	Bouer
BOUC	Chevre
BOUC	Quadrupede
BOUC	Chevreau
BOUC	Chevre
BOUCAGE	Plante
BOUCHAGE	Coulée
BOUCHAGE	grosses Forges
BOUCHE	Face
BOUCHE	Levres
BOUCHE	Salive
BOUCHE	Luette
BOUCHE	Palais
BOUCHE	Dent
BOUCHE	Parotides
BOUCHE	Bec
BOUCHE	Filet
BOUCHE	Bouge
BOUCHE	Besson
BOUCHE	Orgue
BOUCHE	Orgue
BOUCHER	Viande
BOUCHER	Échaudoir
BOUCHER	Suif
BOUCHERIE	Boucher
BOUCHON	Contre-potence
BOUCHON	Roue de rencontre
BOUCHON	Potence
BOUCLE	Barriere
BOUCLE	Bac à formes
BOUCLE	Velours
BOUCLETTE	Pentiere
BOUCLETTE	Bécasse
BOUDIN	Ressort
BOUDINE	Bossier
BOUDINE	Bosse
BOUDINE	Verrerie en plat
BOUÉE	Tonne
BOUÉE	Balise
BOUEUSE	Ancre
BOUFFON	Mime
BOUFFON	Pantomime
BOUFFON	Burlesque
BOUGE	Coris
BOUGE	Fond
BOUGE	Arrête
BOUGE	Tonneau
BOUGE	Jauge
BOUGIE	Cierge
BOUGIE	Rouloir
BOUGIE	Tour
BOUGIE	Tour
BOUGIE	Carnosité
BOUILLER	Bouille
BOUILLIR	Feu
BOUILLIR	Chaleur
BOUILLIR	Vapeur
BOUILLIR	Exhalaison
BOUILLITOIRE	Blanchiment
BOUILLITOIRE	Bouilloire
BOUILLON	Bœuf
BOUILLON	Plante
BOUILLON	Bouillon
BOUILLONNEMENT	Briser
BOUIS	Rebouisage
BOUIS	Cordonnier
BOULANGER	Pain
BOULANGER	Moulin
BOULANGER	Pain
BOULANGER	Four
BOULANGER	Grand-Pannetier
BOULANGER	Blé
BOULANGER	Farine
BOULANGER	Pain
BOULANGER	Pain
BOULANGER	Meûnier
BOULANGER	Pain
BOULANGER	Farine
BOULANGER	Levain
BOULANGER	Blé
BOULANGER	Four
BOULANGER	Grain
BOULANGER	Pétrir
BOULE	Quarre
BOULE	Soie
BOULE	Bassin
BOULE	Enchevêtrer
BOULE	Planer
BOULE	Noyon
BOULE	Mail
BOULEAU	Plante
BOULEROT NOIR	Goujon
BOULEROT NOIR	Poisson
BOULET	Mitraille
BOULET	Bouleté
BOULETAN	Courbe
BOULEVARD	Bastion
BOULEUX	Allure
BOULEUX	Etoffé
BOULINE	Revers
BOULINE	Haler
BOULINE	Hale
BOULINE	Près
BOULINE	Plein
BOULINS	Colombier
BOULINER	Aller à la Bouline
BOULINGRIN	Tracer
BOULOGNE	Bologne
BOULON ou GOUGEON	Poulie
BOULON ou GOUGEON	Moule
BOUQUE	Débouquement
BOUQUE	Débouquer
BOUQUET	Relieur
BOUQUET	Hausse
BOUQUET	Panache
BOUQUET	Plumet
BOUQUET	Héron
BOUQUETIER	Fleurs artificielles
BOURACHE	Plante
BOURBONS	Mascareigne
BOUQUETIN, BOUC-ESTAIN, STEINBOK	Quadrupede
BOURDON	Abeille
BOURDON	Insecte
BOURDON	Remanier
BOURDON	Remaniement
BOURDON	Diapason
BOURDON	Orgue
BOURDON	Orgue
BOURDON	Diapason
BOURGEOIS	Charte-partie
BOURGEON ou BOUTON	Bouton
BOURGOGNE	Franche-Comté
BOURGUIGNONES	Gombettes
BOURIGNONISTE	Quiétisme
BOURLET ou BOURRELET	Canon
BOURLET ou BOURRELET	Collier
BOURLET ou BOURRELET	Tracas
BOURLET ou BOURRELET	Batardes
BOURLET ou BOURRELET	Vergeoises
BOURLET ou BOURRELET	Pot
BOURLET ou BOURRELET	Vergeoise
BOURRE	Charge
BOURRE	Tampon
BOURRÉE	Rigaudon
BOURRÉE	Bois de chauffage
BOURRÉE	Fagot
BOURRELIER	Sellier
BOURSE	Darthos
BOURSE	Scrotum
BOURSE	Banqueroute
BOURSE	Faillite
BOURSE	Collége
BOURSE	Consuls
BOURSE	Caisse
BOURSE	Monnoie de compte
BOUSSOLE	Aiguille
BOUSSOLE	Variation
BOUSSOLE	Aiguille
BOUSSOLE	Aimant
BOUSSOLE	Equerre
BOUSSOLE	Méridienne
BOUSSOLE	Azimuth
BOUSSOLE	Variation
BOUSSOLE	Compas
BOUSSOLE	Déclinaison
BOUSSOLE	Magnétisme
BOUSSOLE	Amplitude
BOUSSOLE	Azimuth
BOUSURE	Blanchiment
BOUT	Rime
BOUT	Aboutissant
BOUT	Filer
BOUT	Bouterolle
BOUT	Baudrier
BOUT	Branche
BOUT	Pommeau
BOUT	Filiere
BOUT	Filet
BOUTADE	Ballet
BOUTANT	Arc-boutant
BOUTANT	appui
BOUT-AVANT	Vaxel
BOUT-AVANT	Aide-bout-avant
BOUTÉE	BUTER
BOUTE-DEHORS	Minot
BOUTEILLE	Verrerie
BOUTEILLE	Mingle
BOUTEILLE	Pluie
BOUTEILLE	Bouillir
BOUTEILLE	Galerie
BOUTEROLLE	Gravure
BOUTEROLLE	pierre fine
BOUTEROLLE	Dez
BOUTICLAR	Boutique
BOUTIQUE	Etau
BOUTOIR ou BOUTOI	Parer
BOUTON	Pointe
BOUTON	Bouton à la brochette
BOUTON	Brochette
BOUTON	Cerceau
BOUTON	Amande
BOUTON	Bouton façonné
BOUTON	Brochette
BOUTON	Coins
BOUTON	Cerceaux
BOUTON	Roster
BOUTON	Bouillonner
BOUTON	Rouler
BOUTON	Épi
BOUTON	Pointe
BOUTON	Bouton poil et soie uni
BOUTON	Onde
BOUTON	Rouet
BOUTON	Rochet
BOUTON	Coins
BOUTON	Croix
BOUTON	Moule
BOUTON	Bouton
BOUTON	Phlegmon
BOUTON	Abcès
BOUTON	Cautere
BOUTON	Pointer
BOUTON	Bassinet
BOUTON	Culot
BOUTON	Rame
BOUTON	Semple
BOUTON	Petite-Tire
BOUTONNER	Bonnette
BOUTONNIER	Battre
BOUTONNIER	Graver
BOUTONNIER	Découper
BOUTONNIER	Emailleurs
BOUTONNIERE	Catheter
BOUTONNIERE	Cathétérisme
BOUTONNIERE	Cannule
BOUTONNIERE	Algalie
BOUTONNIERE	Fistule au périnée
BOUTONNIERE	Rétention d’urine
BOUTRIOT	Poinçon
BOUTTES	Quintal
BOUTURE	Marcotte
BOUVEMENT	Bouvet
BOUVET	Feuilleret
BOUVIER	Bœuf
BOUVIER	Oiseau
BOUVREUIL ou PIVOINE	Oiseau
BOYARDS, ou BOJARES, ou BOJARDS	Waivodes
BOYARD	Baleine
BOYAUX	Intestin
BOYAUX	Tranchée
BOYAUX	Parallele
BOYAUX	Tranchée
BOYAUX	Enfiler
BOYAUX	Corde à boyau
BOYAUX	Boyaudier
BOYAUDIER	Bachou
BOYAUDIER	Bottine
BOYAUDIER	Tablier
BOYAUDIER	Bavette
BOYAUDIER	Chaudron
BOYAUDIER	Amortir
BOYAUDIER	Dégraissoir
BOYAUDIER	Filandres
BOYAUDIER	Blanchir
BOYAUDIER	Coudre
BOYAUDIER	Rouet
BOYAUDIER	Dégrossir
BRABEUTE	Athlothete
BRACELET	Carpe
BRACHIAL	Anconé
BRACHIAL	Cutané externe
BRACHIAL	Médian
BRACHIAL	Humerus
BRACHIAL	Cubitus
BRACHIAL	Humerus
BRACHIAL	Radius
BRACHMANES	Philosophie des Indiens
BRACHMANES	Gymnosophistes
BRACHMANES	Bramines
BRACHYSTOCHRONE	Cycloïde
BRACHYSTOCHRONE	Réfraction
BRACHYSTOCHRONE	Cycloïde
BRACHYSTOCHRONE	Réfraction
BRACHYSTOCHRONE	Action
BRACHYSTOCHRONE	Causes finales
BRADUPEPSIE	Estomac
BRADUPEPSIE	Digestion
BRAI	Goudron
BRAIE	Dalot
BRAIE	Maugere
BRAIE	Broye
BRAIE	Ecacher
BRAIE	Epreuve
BRAIE	Maculature
BRAIE	Tympan
BRAIE	Frisquette
BRAILLE	Brailler
BRAISE	Verrerie
BRAMA ou BRAHMA	Chinois
BRAMA ou BRAHMA	Bramines
BRAMINES ou BRAMENES, ou BRAMINS	Brachmanes
BRANCE	Blé
BRANCHES	Artere
BRANCHES	Nerf
BRANCHES	Paire
BRANCHES	Clitoris
BRANCHES	Courbe
BRANCHES	Abscisse
BRANCHES	Ordonnée
BRANCHES	Courbe
BRANCHES	Serie
BRANCHES	Rebroussement
BRANCHES	Nerf
BRANCHES	Balance
BRANCHES	Romaine
BRANCHES	Fonte
BRANCHES	Train
BRANCHES	Epingle
BRANCHES	Embouchure
BRANCHES	Chainette
BRANCHES	Gourmette
BRANCHES	Têtiere
BRANCHES	Rene
BRANCHES	Ramener
BRANCHES	Touret
BRANCHES	Banquet
BRANCHES	Encolure
BRANCHES	Fonceau
BRANCHES	Chaperon
BRANCHES	Chaine
BRANCHES	Poignée
BRANCHES	Pommeau
BRANCHES	Amande
BRANCHES	Bout de revers
BRANCHES	Allonges
BRANCHES	Roquetin
BRANCHES	Verrerie en plat
BRANCHES	Fouet
BRANCHES	Bosse
BRANCHES	Centurion
BRANCHER, BRANCHE	Fourches
BRANCHER, BRANCHE	Branche
BRANCHER, BRANCHE	Verrerie
BRANCHER, BRANCHE	Bosse
BRANDES	Cerf
BRANDES	Viander
BRANDONS	Panonceaux
BRANDONS	Arrêt
BRANDONS	Danse sacrée
BRANLANT	Pendeloque
BRANLE	Hamac
BRANLE	Cycloïde
BRANLE	Échappement
BRANLE	Pendule
BRANLE	Cycloïde
BRANLE	Échappement
BRANLE	Levier
BRANLER	Faillite
BRANQUE-URSINE	Acanthe
BRAQUER	Pointer
BRAS	Corps
BRAS	Épaule
BRAS	Main
BRAS	Humerus
BRAS	Radius
BRAS	Cubitus
BRAS	Saignée
BRAS	Phlébotomie
BRAS	Branches
BRAS	Moelle allongée
BRAS	Flambeau
BRAS	Cire
BRAS	Scie
BRAS	Chevre
BRAS	Grue
BRAS	Baleine
BRAS	Engin
BRAS	Mer
BRAS	Océan
BRAS	Riviere
BRAS	Ancre
BRAS	Balance
BRAS	Presse
BRAS	Tour
BRAS	Bas
BRASSE	Toise
BRASSEIER, BRASSER, BRACHER	Bras
BRASSER	Brasserie
BRASSER	Brassoir
BRASSER	Tanner
BRASSERIE	Bierre
BRASSEUR	Brasserie
BRASSEUR	Bierre
BRASSICOURT	Arqué
BRASSOIR	Bain
BRAYE	Canal
BRAYER	Hernie
BRAYER	Réduction
BRAYER	Hemorrhoïdes
BRAYER	Chute
BRAYER	Exomphale
BRAYER	Cloche
BRAYER	Fondeur de cloches
BRAYER	Fonte des cloches
BREBIS	Bélier
BREBIS	Mouton
BREBIS	Mouton
BREBIS	Quadrupede
BREBIS	Bergerie
BREBIS	Berger
BREBIS	Chien de Berger
BREBIS	Parcage
BREBIS	Tonte
BREBIS	Engrais
BREBIS	Agneau
BREBIS	Galle
BREBIS	Fièvre
BREBIS	Poux
BREBIS	Clavelée
BREBIS	Morve
BREBIS	Avertin
BRECHE	Marbre
BRECHE	Siége
BRECHE	Assaut
BRECHE	Battre
BRECHE	Batterie
BRECHE	Monter
BRECHET	Sternum
BREF	Bulle
BREF	Compte
BREF	Bris
BREF	Brieux
BREF	Coupé
BREGMA	Sinciput
BREGMA	Pariétaux
BRELLE	Train
BRELUCHE	Droguet
BRELUCHE	Tiretaine
BREME, BRAME	Poisson
BRENTE	Bocale
BRENTE	Rubbe
BRENTE	Bassée
BRESIL	Saint-Salvador
BRESIL	Olinde
BRESIL	Saint-Sebastien
BRESIL	Bois
BRESILLER	Teinture
BRESSIN	Palan
BRESSIN	Crocs de palan
BRETAGNE	Angleterre
BRETAGNE	Écosse
BRETAGNE	Bretagne
BRETAUDER	Draperie
BRETELLES	Poitriniere
BRETTER ou BRETELER	Ebauchoir
BREVE	Mesure
BREVE	Valeur
BREVE	Délivrance
BREVET	Retenue
BREVET	Acquit
BREVET	Apprenti
BREVET	Apprentissage
BREVET	Lettres
BREVET	Connoissement
BREVET	Police de chargement
BREVET	Bain
BREVET	Teinture
BREVETAIRE	Brevet
BREVETAIRE	Indult
BREVETAIRE	Indultaire
BREVETAIRE	Expectative
BREVIAIRE	Office
BREVIAIRE	Heures
BREVIAIRE	Maronite
BREVIAIRE	Cophtes
BREVIAIRE	Grec
BREVIATEUR	Bref
BREUILS ou CARGUES	Cargues
BREUILLER ou BROUILLER	Carguer
BREUVAGE	Boisson
BREYNIA	Plante
BRICOLE	Coussinet
BRICOLE	Réflexion
BRICOLE	Miroir
BRICOLE	Brochet
BRICOTEAUX	Duitte
BRICOTEAUX	Carton
BRIDE	Mors
BRIDE	Branche
BRIDE	Martingale
BRIDE	Main
BRIDE	Boiteux
BRIDE	Saccade
BRIDE	Boire
BRIDE	Donner
BRIDE	Mettre
BRIDE	Rendre
BRIDE	Accourcir
BRIDE	Tenir
BRIDE	Maille
BRIDE	Tournille
BRIDE	Bas au métier
BRIDE	Fonte
BRIDER	Potence
BRIDURE	Train
BRIDURE	Rouette
BRIEF	Bref
BRIEF	Brieux
BRIEUX	Bref
BRIEUX	Brief
BRIFIER	Enfaîtement
BRIGADE	Brigadier
BRIGADE	Brigandine
BRIGADIER	Brigade
BRIGANDAGE	Vol
BRIGANDAGE	Larcin
BRIGUES	Candidat
BRILLANT	Biseau
BRILLANT	Coin
BRILLANT	Table
BRIN	Pan de bois
BRIN	Eventail
BRIQUAILLON	Fonderie
BRIQUE	Pierre
BRIQUE	Tuile
BRIQUETERIE	Tuilerie
BRIQUETIER	Brique
BRIQUETIER	Tuile
BRIS	Scellé
BRISÉE	Chevre
BRISÉE	Banc
BRISÉE	Cuite
BRISÉE	Saline
BRISURE	Flanc concave
BROC	Quarte
BROC	Pot
BROCARD	Raillerie
BROCARD	Velours à jardin
BROCARD	Armure
BROCARD	Liage
BROCARD	Poil
BROCARD	Accompagnage
BROCARD	Lisse
BROCARD	Velours
BROCHE	Tournebroche
BROCHE	Peigne
BROCHE	Ame
BROCHE	Romaine
BROCHE	Bonneterie
BROCHE	Rouleau
BROCHE	Manivelle
BROCHE	Haute-lisse
BROCHÉE	Broche
BROCHER	Broche
BROCHER	Souffler
BROCHER	Touret
BROCHER	Corderie
BROCHER	Burelle
BROCHER	Relier
BROCHET	Poisson
BROCHET	Spet
BROCHETÉ	Fougue
BROCHETÉ	Lardon
BROCHETTE	Pointe
BROCHETTE	Bouton
BROCHETTE	Fonte
BROCHETTE	Diapason
BROCHETTE	Tympan
BROCHETTE	Navette
BROCHOIR	Brocher
BRODERIE	Parterre
BRODEUR	Broderie
BROMELIA	Plante
BRONCHES	Poumon
BRONCHES	Inspiration
BRONCHES	Expiration
BRONCHIALE	Veine
BRONCHIALE	Artere
BRONCHIQUE	Bronche
BRONCHOCELE	Goitre
BRONCHOTOMIE	Esquinancie
BRONCHOTOMIE	Esquinancie
BRONCHOTOMIE	Œsophagotomie
BRONZER	Vernis
BRONZER	Chamoiseur
BROQUETTE	Clou
BROSSAEA	Plante
BROSSE	Vergette
BROSSE	Pinceau
BROSSE	Dérocher
BROSSE	Rateaux
BROSSE	Draperie
BROUETTE	Rubans
BROUETTE	Toiles
BROUETTE	Baignoire
BROUETTE	Blanchir
BROUILLARD	Nielle
BROUILLARD	Nuage
BROUILLARD	Vision
BROUILLARD	Hareng
BROUILLARD	Papier
BROUILLARD	Mémorial
BROUILLARD	Livre
BROUINE	Bruine
BROUME	Nielle
BROUME	Brouillard
BROWNISTES	Séparatistes
BROWNISTES	Non-conformistes
BROWNISTES	Indépendans
BROYE ou BRAYE	Broyeur
BROYEMENT	Mastication
BROYEMENT	Poudre
BROYEMENT	Emulsion
BROYER	Broyement
BROYER	Broye
BROYER	Tiller
BROYER	Corderie
BRUGNON, BRIGNON	Pêcher
BRUIR	Draperie
BRULANT	Ardent
BRULANT	Volcan
BRULANT	Montagne
BRULANT	Tremblement
BRULER	Feu
BRULER	Vapeur
BRULER	Fumée
BRULER	Cendre
BRULER	Bucher
BRULER	Sepulture
BRULER	Ustrinum
BRULURE	Anodyn
BRULURE	Moxa
BRULURE	Caustique
BRULURE	Cautere
BRUMALES	Fête
BRUMALES	Bromius
BRUN	Peinture
BRUN	Ocre
BRUN	Talc
BRUN	Batteur d’or
BRUN	Bay
BRUNELLE	Plante
BRUNIR	Brunissoir
BRUNIR	Tranche
BRUNIR	Jaspure
BRUNIR	Dent à brunir
BRUNIR	Dorer sur tranche
BRUNIR	Dent à brunir
BRUNISSOIR	Brunir
BRUNISSOIR	Orgue
BRUNITURE	Teinture
BRUNSFELSIA	Plante
BRUTE	Animal
BRUTE	Bête
BRUYAN, VERDUN ou VERDRIER	Oiseau
BRUYERE	Plante
BUBON	Skirrhe
BUBON	Phlegmon
BUBONOCELE	Epiploon
BUBONOCELE	Intestins
BUBONOCELE	Hernie
BUBONOCELE	Hernie
BUCCAFERREA	Plante
BUCCALES	Glande
BUCCALES	Bouche
BUCCIN	Coquillage
BUCCIN	Coquille
BUCCINATEUR	Conduit
BUCCINATEUR	Salivaire
BUCCINE	Trompette
BUCCINE	Corne
BUCEPHALON	Plante
BUCHE	Bois
BUCHE	Bois
BUCHER	Myrrhe
BUCHER	Ustrinum
BUCHER	Funérailles
BUCHER	Brûler
BUCHER	Tombeau
BUCHER	Jeux funebres
BUCHER	Urne
BUCHER	Sépulcre
BUCHER	Épitaphe
BUCHER	Mausolée
BUCOLIQUE	Pastoral
BUCOLIQUE	Eclogue
BUCOLIQUE	Idylle
BUCOLIQUE	Eclogue
BUELTA	Bouton
BUFFET	Salle à manger
BUFFET	Fust d’orgue
BUFLE	Quadrupede
BUFLE	Chamois
BUFLE	Moulin à Foulon
BUGLE	Plante
BUGLOSE	Plante
BUGRANDE	Arrête-bœuf
BUHOT	espolin
BUIS ou BOUIS	Plante
BUIS ou BOUIS	Acacia
BUIS ou BOUIS	Cordonnier
BUISSON	Arbre
BUISSON	Bois
BUISSON	Aubepin
BUISSURES	Gratteboesse
BULBE	Œil
BULBE	Urethre
BULBO-CAVERNEUX	Accélérateur
BULBOCODIUM	Plante
BULIMIE ou BOULIMIE	Faim
BULLE	Bref
BULLE	Serviteur
BULLE	Pontificat
BULLE	Fulmination
BULLE	Bouteilles d’eau
BUPRESTE	Cantharide
BUPRESTE	Insecte
BURAIQUE	Baraicus
BURE	Calamine
BUREAU	Rapporteur
BUREAU	Commission
BUREAU	Géneral
BUREAU	Thrésorier
BUREAU	Chambre
BUREAU	Thrésor
BUREAU	Voyer
BUREAU	Voyerie
BUREAU	Commissaire
BUREAU	Ponts
BUREAU	Chaussées
BUREAU	Pavé
BUREAU	Conseil du Commerce
BUREAU	Banque royale
BUREAU	Congé
BURIN	Coussinet
BURLESQUE	Travesti
BURLESQUE	Batrachomyomachie
BURLESQUE	Marotique
BUSE	Oiseau
BUSTE	Ronde-bosse
BUSTUAIRES	Gladiateur
BUSTUAIRES	Bûcher
BUSTUAIRES	Funérailles
BUT-EN-BLANC	Mortier
BUT-EN-BLANC	Projectile
BUT-EN-BLANC	Portée
BUTER	Culée
BUTOR	Oiseau
BUTOR	Oiseau
BUVETTIER	Vinaigrier
BUVEUR	Œil
BUVEUR	Droit
BUZARD	Oiseau
BUZE	Bûche
BYSANCE	Constantinople
BYSSE	Byssus
BYSSE	Pinne-marine
BYSSE	Byssus
BYSSUS	Plante
C	Abréviation
C	Mesure
C barré	
C barré	Mesure
C sol ut, C sol fa ut	Gamme
C sol ut, C sol fa ut	Clé
C sol ut, C sol fa ut	Ecriture
CAABLÉ	Bois
CAAPEBA	Plante
CAB	Cad
CABALE	Chaos
CABALISTES	Cabale
CABALISTES	Karaïtes
CABALISTES	Rabbinistes
CABALISTES	Talisman
CABANE	Architecture
CABANE	Bateau
CABARER	Brasserie
CABARET	Plante
CABARETIER	Cabaret
CABAS	Figue
CABESTAN	Cable
CABESTAN	Ancre
CABESTAN	Vindas
CABESTAN	Axe
CABIDOS ou CAVIDOS	Aune
CABINET	Belvedere
CABINET	Ellipse
CABINET	Parabole
CABINET	Foyer
CABINET	Echo
CABINET	Porte-voix
CABIRES	Guebres
CABLE	Bander
CABLE	Hansiere
CABLE	Toron
CABLE	Cordage
CABLE	Corde
CABLE	Corderie
CABLE	Corderie
CABLE	Goudronnerie
CABLE	Bitter
CABLÉ	Cannelure
CABLÉ	Croix
CABLÉ	Cordée
CABLER	Sabot
CABLIAU	Morue
CABOCHON	Rubis
CABOT	Mulet
CABRIOLE ou CAPRIOLE	Saut
CABRIOLE ou CAPRIOLE	Lever
CABRIOLE ou CAPRIOLE	Sauter
CABROLLE	Biche
CABURLAUT	Chabot
CACALIA	Plante
CACAO ou CACAOYER	Chocolat
CACHALOT	Baleine
CACHE-ENTRÉE	Serrure
CACHECTIQUES	Cachexie
CACHERE	Cordeline
CACHERE	Verrerie
CACHET	Sceau
CACHET	Gravure
CACHET	Puanepsies
CACHEUR	Sonder
CACHEUR	Forme
CACHEXIE	Nutrition
CACHEXIE	Accroissement
CACHEXIE	Digestion
CACHEXIE	Sanguification
CACHEXIE	Acide
CACHEXIE	Alkali
CACOPHONIE	Dissonance
CACOPHONIE	Harmonie
CADASTRE	Journal
CADASTRE	Livre
CADAVRE	Mémoire
CADAVRE	Curateur
CADAVRE	Anatomie
CADAVRE	Funérailles
CADAVRE	Bucher
CADAVRE	Sépulcre
CADAVRE	Tombeau
CADENCE	Nombre
CADENCE	Rhythme
CADENCE	Harmonie
CADENCE	Harmonie
CADENCE	Accord
CADENCE	Double Emploi
CADENCE	Dominante
CADENCE	Sous-dominante
CADENCE	Basse fondamentale
CADENCE	Mode
CADET	Écoles d’Artillerie
CADILESQUER ou CADILESQUIER	Cadi
CADILESQUER ou CADILESQUIER	Reis effendi
CADMIE	Calamine
CADMIE	Zinc
CADRAN ou CADRAN SOLAIRE	Tems
CADRAN ou CADRAN SOLAIRE	Ombre
CADRAN ou CADRAN SOLAIRE	Style
CADRAN ou CADRAN SOLAIRE	Plan
CADRAN ou CADRAN SOLAIRE	Gnomonique
CADRAN ou CADRAN SOLAIRE	Méridienne
CADRAN ou CADRAN SOLAIRE	Equinoctial
CADRAN ou CADRAN SOLAIRE	Equateur
CADRAN ou CADRAN SOLAIRE	fig. 4
CADRAN ou CADRAN SOLAIRE	Équation du tems
CADRAN ou CADRAN SOLAIRE	Ligne méridienne
CADRAN ou CADRAN SOLAIRE	fig. 5
CADRAN ou CADRAN SOLAIRE	Horison
CADRAN ou CADRAN SOLAIRE	fig. 6
CADRAN ou CADRAN SOLAIRE	Ligne méridienne
CADRAN ou CADRAN SOLAIRE	Vertical
CADRAN ou CADRAN SOLAIRE	Direct
CADRAN ou CADRAN SOLAIRE	Déclinant
CADRAN ou CADRAN SOLAIRE	Inclinaison
CADRAN ou CADRAN SOLAIRE	Réclinant
CADRAN ou CADRAN SOLAIRE	fig. 9
CADRAN ou CADRAN SOLAIRE	Nord
CADRAN ou CADRAN SOLAIRE	fig. 10
CADRAN ou CADRAN SOLAIRE	fig. 9
CADRAN ou CADRAN SOLAIRE	fig. 7
CADRAN ou CADRAN SOLAIRE	Orient
CADRAN ou CADRAN SOLAIRE	fig. 11
CADRAN ou CADRAN SOLAIRE	Occident
CADRAN ou CADRAN SOLAIRE	figure 12
CADRAN ou CADRAN SOLAIRE	fig. 13
CADRAN ou CADRAN SOLAIRE	figure 14
CADRAN ou CADRAN SOLAIRE	Déclinant
CADRAN ou CADRAN SOLAIRE	Déclinaison
CADRAN ou CADRAN SOLAIRE	Déclinateur
CADRAN ou CADRAN SOLAIRE	figure 16
CADRAN ou CADRAN SOLAIRE	Soûstylaire
CADRAN ou CADRAN SOLAIRE	Inclinaison
CADRAN ou CADRAN SOLAIRE	fig. 17
CADRAN ou CADRAN SOLAIRE	Déclinateur
CADRAN ou CADRAN SOLAIRE	Réclinaison
CADRAN ou CADRAN SOLAIRE	fig. 18
CADRAN ou CADRAN SOLAIRE	fig. 6
CADRAN ou CADRAN SOLAIRE	fig. 15
CADRAN ou CADRAN SOLAIRE	fig. 19
CADRAN ou CADRAN SOLAIRE	fig. 20
CADRAN ou CADRAN SOLAIRE	Globe
CADRAN ou CADRAN SOLAIRE	fig. 21
CADRAN ou CADRAN SOLAIRE	Gnomonique
CADRAN ou CADRAN SOLAIRE	Analemme
CADRAN ou CADRAN SOLAIRE	Trigone des Signes
CADRAN ou CADRAN SOLAIRE	Boussole
CADRAN ou CADRAN SOLAIRE	Cage
CADRAN ou CADRAN SOLAIRE	Lapidaire
CADRATURE	Répétition
CADRATURE	Pendule à répétition
CADRE	Bordure
CADUC	Vieillesse
CADUC	Épilepsie
CADUCÉE	Baguette divinatoire
CAESALPINA	Plante
CAFFETIER	Limonadier
CAFFILA	Caravane
CAGE	Bouton
CAGE	Bate
CAGE	Horloge
CAGE	Platine
CAGE	Pilier
CAGE	Tour figuré
CAGOUILLE ou GAGOUILLE	Revers d’eperon
CAHI ou CAHYS	Cahys
CAHIER	Plier
CAHYS	Fanega
CAHYS	Last
CAHYS	Anegra
CAICHE	Quaiche
CAIENNE ou CAYENNE	Pendule
CAILLE	Oiseau
CAILLE	Oiseau
CAILLE	Oiseau
CAILLE	Tirasse
CAILLELAIT	Plante
CAILLER	Lait-pris
CAILLÉ	Lait
CAILLETTE	Rumination
CAILLIQUE	Harengade
CAILLOU	Crystal factice
CAILLOU	Acier
CAIMAN	Crocodile
CAINITO	Plante
CAISSE	Tambour
CAISSE	Fondeur en sable
CAISSE	Gratter
CAISSE	Balle
CAISSE	Emballage
CAISSE	Caissier
CAISSETIN	Raisins aux jubis
CAISSIER	Receveur
CAISSIER	Thrésorier
CAISSON	Fougace
CAJUTES	Cabane
CAKILE	Plante
CALABA	Plante
CALADE	Basse
CALAMENT	Plante
CALAMINE, ou PIERRE CALAMINAIRE	Cuivre
CALAMINE, ou PIERRE CALAMINAIRE	Cuivre
CALAMITE	Styrax
CALAMUS AROMATICUS	Plante
CALAMUS AROMATICUS	Acorus
CALAMUS SCRIPTORIUS	Cerveau
CALANDRE	Alouette
CALANDRE	Oiseau
CALANDRE	Charençon
CALASINI	Clou large
CALATISME	Danse
CALAZZOPHYLACES	Baal
CALAZZOPHYLACES	Bellonaires
CALCINATION	Grillage
CALCINATION	Feu
CALCINATION	Pulvérisation
CALCINATION	Précipité
CALCINATION	Décoction
CALCINATION	Dessiccation
CALCINATION	Vitrification
CALCINATION	Fleurs
CALCINATION	Sublimation
CALCINATION	Feu
CALCINATION	Terre
CALCINATION	Terre
CALCINATION	Chaux
CALCINATION	Platre
CALCINATION	Grillage
CALCINATION	Minium
CALCINATION	Grillage
CALCINATION	Détonation
CALCINATION	Fer
CALCINATION	Zinc
CALCINATION	Bismuth
CALCINATION	Menstrue
CALCINATION	Menstrue
CALCINATION	Antimoine
CALCINATION	Feu
CALCUL	Arithmétique
CALCUL	Arithmétique
CALCUL	Algébre
CALCUL	Différentiel
CALCUL	Exponentiel
CALCUL	Intégral
CALCUL	Addition
CALCUL	Dixaine
CALCUL	Aréopage
CALCUL	Pendule
CALCUL	Pendule
CALCUL	Pierre
CALCULER	Calcul
CALCULER	Dépense
CALCULER	Colonne
CALCULER	Toisé des Bassins
CALE	Arrimer
CALE	Arrimage
CALE	Cueillette
CALE	Calangue
CALEBASSE	Plante
CALEÇONNIER	Peaussier
CALÉFACTION	Chaleur
CALÉFACTION	Coction
CALÉFACTION	Feu
CALENDERS	Santon
CALENDES	Mois
CALENDES	Fastes
CALENDES	Nones
CALENDES	Ides
CALENDES	An
CALENDES	Nones
CALENDES	Jour
CALENDES	Ides
CALENDRIER	Tems
CALENDRIER	Année
CALENDRIER	Mois
CALENDRIER	Fête
CALENDRIER	Calendes
CALENDRIER	An
CALENDRIER	Bissextile
CALENDRIER	Nombre d’or
CALENDRIER	Cycle solaire
CALENDRIER	Equinoxe
CALENDRIER	Cycle
CALENDRIER	Métemptose
CALENDRIER	Epacte
CALENDRIER	An
CALENDRIER	Epacte
CALENDRIER	Epacte
CALENDRIER	Pasque
CALENDRIER	Soleil
CALENDRIER	Lune
CALENDRIER	Lettre dominicale
CALENDRIER	Pasque
CALENDRIER	Phase
CALENDRIER	Ephémérides
CALENDRIER	An
CALENDRIER	Saint
CALENDRIER	Nécrologe
CALENDRIER	Martyrologe
CALENTER	Chan
CALFATEUR	Calfat
CALFEUTRER	Calfater
CALIBRE	Canon
CALIBRE	Egaler
CALIBRE	Engrenage
CALIBRE	Horloge de clocher
CALIBRE	Horloge de clocher
CALIBRE	Balancier
CALIBRE	Roue
CALIBRE	Pignon
CALIBRE	Engrenage
CALIBRE	Tige
CALIBRE	Tigeron
CALIBRE	Balancier
CALIBRE	Gabarit
CALIBRE	Tabatiere
CALIBRER	Calibre
CALIDUCS	Poele
CALIDUCS	Feu
CALIFE	Mahometan
CALIFE	Muphti
CALINGUE, CARLINGUE, CONTREQUILLE	Carlingue
CALIPPIQUE	Période
CALIPPIQUE	Cycle
CALLAIS	Aigue marine
CALLAO	Tremblement de terre
CALLEUX	Ame
CALLIGRAPHE	Scribe
CALLIGRAPHE	Libraire
CALLIGRAPHE	Notaire
CALLIMUS	Pierre d’Aigle
CALLOSITÉ	Escharotique
CALLOSITÉ	Caustique
CALLOSITÉ	Bourdonnet
CALLOSITÉ	Calus
CALMANT	Sedatif
CALMANT	Douleur
CALOMEL	Mercure
CALOTTE	Bonnet
CALOTTE	Bouton
CALOTTE	Calot
CALOTTE	Répétition
CALOYER ou CALOGER	Dervis
CALQUE	Obole
CALVINISME	Arminiens
CALVINISME	Gomaristes
CALVITIE	Cheveu
CALVITIE	Alopécie
CALUS	Cor
CALUS	Os
CALUS	Fracture
CAMAGNES	Cabane
CAMAGNES	Capite
CAMARA	Plante
CAMARE	Caveçon
CAMBALU	Pekin
CAMBIO	Change
CAMBISTE	Place
CAMBISTE	Bourse
CAMBISTE	Billet
CAMBISTE	Lettre de change
CAMBISTE	Change
CAMBRE	Concave
CAMELÉE	Plante
CAMÉLÉON	Quadrupede
CAMÉLEOPARD	Giraffe
CAMELOT	Calendre
CAMELOT	Gaufrer
CAMELOT	Portée
CAMELOT	Buhot
CAMELOT	Chaîne
CAMELOT	Trame
CAMELOT	Draperie
CAMERARIA	Plante
CAMERLINGUE	[1]
CAMILLE	Acerra
CAMILLE	Præfericulum
CAMOMILLE	Plante
CAMOMILLE	Maroute
CAMOUFLET	Mine
CAMPAGNE	Fourage
CAMPANE	Gouttes
CAMPANE	Soie
CAMPANELLA	Aristotelisme
CAMPANULE	Plante
CAMPANULE	Gantelée
CAMPERCHE	Basse-lisse
CAMPHRIER	Camphre
CAMUS ou CAMARD	Nez
CAMUS ou CAMARD	Chamfrain
CANADA ou CANADE	Canadiens
CANADELLE	Poisson
CANADOR	Mingle
CANADOR	Almonde
CANAL	Ecluse
CANAL	Aquéduc
CANAL	Vaisseau
CANAL	Artere
CANAL	Oreille
CANAL	Aqueux
CANAL	Œil
CANAL	Gouttiere
CANAL	Larmier
CANAL	Triglyphe
CANAL	Velours
CANAL	Aiguille d’ensuple
CANAN	Cocos
CANARD	Oiseau
CANARD	Oiseau
CANARD	Oiseau
CANARD	Oiseau
CANARD	Oiseau
CANARD	Oiseau
CANARD	Oiseau
CANARD	Oiseau
CANARD	Cane petiere
CANARD	Canard
CANARD	Canard
CANARD	Bois
CANARI	Serin
CANARIES	Gigue
CANASSE	Tare
CANCER	Noli me tangere
CANCER	Bandage de corps
CANCER	Ulcere
CANCER	Signe
CANCER	Constellation
CANCER	Tropique
CANCER	Sphere
CANCRE	Crabe
CANDIIL	Chintal
CANDIIL	Rotoli
CANDIIL	Rubis
CANDIL ou CANDILE	Boisseau
CANDIL ou CANDILE	Jauger
CANDIL ou CANDILE	Tonneau
CANDIR	Sucre
CANDO, CANDI, ou CONDI	Aune
CANDO, CANDI, ou CONDI	Varre
CANE	Oiseau
CANE	Oiseau
CANE	Oiseau
CANE	Oiseau
CANE	Oiseau
CANE	Canard
CANELLE	Girofle
CANETTE	Merlette
CANEVAS	Parodie
CANIART	Colin
CANICULAIRES	Canicule
CANICULE	Sirius
CANICULE	Procyon
CANIDE, ou CANIVET	Perroquet
CANINES	Dent
CANNABINA	Plante
CANNAGE	Canne
CANNE	Roseau
CANNE	Balisier
CANNE	Arquebuse
CANNE	Mesure
CANNE	Pied
CANNE	Remettre
CANNE	Tordre
CANNE	Verrerie
CANNEBERGE	Plante
CANNELLE	Ébaucher
CANNELLE	Aiguille
CANNELLE	Aiguille
CANNELLE	Tresse
CANNELLE	Jatte
CANNELÉ	Argue
CANNELÉ	Rabot
CANNELÉ	Ciseau
CANNELÉ	Fonderie
CANNELÉ	Étoffe de soie
CANNELER	Cannelé
CANNELER	Cannelures
CANNELER	Cannelures
CANNELURES	Bossages
CANNELURES	Rudentures
CANNETTE	Brocher
CANNETTE	Espolin
CANNETTE	Navette
CANNIBALES	Caraïbes
CANNULE	Bronchotomie
CANNULE	Lithotomie
CANNULE	Boutonniere
CANNULE	Cautere
CANON	Canoniques
CANON	Livres
CANON	Decretales
CANON	Decretales
CANON	Decret
CANON	Canonique
CANON	Pasque
CANON	Fête
CANON	Cycle
CANON	Regle
CANON	Saint
CANON	Canonisation
CANON	Messe
CANON	Gamme
CANON	Note
CANON	Musique
CANON	Méthode
CANON	Formule
CANON	Triangle
CANON	Sinus
CANON	Tangente
CANON	Logarithme
CANON	Bombarde
CANON	Chambre
CANON	Lumiere
CANON	Calibre
CANON	Noyau
CANON	Chapelet
CANON	Alésoir
CANON	Epreuve
CANON	Noyau
CANON	Bronze
CANON	Charge
CANON	Pointer
CANON	Affust
CANON	Charge
CANON	Fusil
CANON	Platine
CANON	Fusil
CANON	Fusil
CANON	Ciseler
CANON	Canneler
CANON	Fusil
CANON	Mousquet
CANON	Fusil
CANON	Caracteres
CANON	Caracteres
CANON	Caracteres
CANON	Caracteres
CANON	Email
CANON	Emailleur
CANON	Chaussée
CANON	Roue
CANON	Embouchure
CANON	Jauge
CANON	Trame
CANON	Devider
CANON	Foncet
CANON	Serrure
CANON	Navette
CANON	Rochet
CANON	Tour
CANONICAT	Chanoinie
CANONICAT	Prébende
CANONIER	Artillerie
CANONIER	Art militaire
CANONIER	Pyrotechnie
CANONIER	Poudre-à-canon
CANONIER	Charge
CANONIER	Pointer
CANONIER	Eponge
CANONIER	Projectile
CANONIER	Calibre
CANONIER	Niveau
CANONIER	Quart de cercle
CANONIER	Parabole
CANONIER	Projectile
CANONIER	Bombe
CANONIQUE	Canon
CANONIQUE	Decret
CANONIQUE	Decretale
CANONIQUE	Sexte
CANONIQUE	Clementines
CANONIQUE	Extravagantes
CANONIQUE	Canon
CANONIQUE	Apocryphes
CANONISATION	Saint
CANONISATION	Miracle
CANOPUS	Argo
CANOPUS	Ascension
CANTANETTES	Gouvernail
CANTARO	Rubis
CANTARO	Rotolis
CANTATE	Coupe
CANTHARIDE	Insecte
CANTHENO	Poisson
CANTHUS	Œil
CANTIQUE	Pseaume
CANTIQUE	Rime
CANTIQUE	Dithyrambe
CANTIQUE	Ode
CANTIQUE	Stances
CANTON	Quartier
CANTON	Quan-ton
CANTOR	Livre
CANTRE	Ourdissoir
CANTRE	Velours
CANUS, ALPHESTES	Poisson
CAOUANNE	Tortue
CAP	Martinet
CAP	Trélingage
CAP	Chouquet
CAP	Rouhan
CAP	Isle royale
CAP	Isles
CAPABLE	Cercle
CAPACITÉ	Volume
CAPALANIER	Saleur
CAPARAÇONNER	Caparaçon
CAPE	Capéer
CAPE	Batardeau
CAPELAN	Poisson
CAPELINE	Amputation
CAPER	Capricorne
CAPHARNAUM ou CAPERNAUM	Grace
CAPI-AGA ou CAPI-AGASSI	Sérail
CAPI-AGA ou CAPI-AGASSI	Aga
CAPIGI	Sérail
CAPILLAIRE	Veine
CAPILLAIRE	Artere
CAPILLAIRE	Circulation
CAPILLAIRE	Attraction
CAPILLAIRE	Attraction
CAPILLAIRE	Fracture
CAPILLAIRE	Fissure
CAPILLAIRE	Trépaner
CAPILLAIRE	Plante
CAPILLAIRE	Polytric
CAPILLAIRE	Ceterach
CAPILLAIRE	Rue de muraille
CAPILLAMENT	Cheveu
CAPILLAMENT	Nerf
CAPILLAMENT	Fibre
CAPILLAMENT	Vision
CAPION	Etrave
CAPION	Etambord
CAPITAINE	Compagnie
CAPITAINE	Colonel
CAPITAINE	Dragon
CAPITAINE	Grenadier
CAPITAINE	Lieutenant
CAPITAINE	Réformé
CAPITAINE	Général
CAPITAINE	Milice
CAPITAINE	Maitre
CAPITAINE	Patron
CAPITAL	Arrérages
CAPITAL	Intérêt
CAPITAL	Principal
CAPITAL	Fonds
CAPITAL	Compagnie
CAPITAL	Crime
CAPITAL	Chatiment
CAPITAL	Savon
CAPITAL	Mithridate
CAPITAL	Tranchées
CAPITAL	Majuscules
CAPITAL	Minuscules
CAPITATION	Taille
CAPITATION	Droit
CAPITATION	Taxe
CAPITATION	Taxe
CAPITE	Cajutes
CAPNOIDES	Plante
CAPONNIERE	Tenaille
CAPONNIERE	Communication
CAPORAL	Compagnie
CAPOSER	Cape
CAPOSER	Capeier
CAPOT	Cagot
CAPOT	Piquet
CAPOTAGE	Navigation
CAPOTAGE	Route
CAPOTAGE	Terre
CAPOTAGE	Loxodromie
CAPRES	Caprier
CAPRICORNE	Signe
CAPRICORNE	Ecliptique
CAPRICORNE	Solstice
CAPRICORNE	Précession
CAPRICORNE	Insecte
CAPRIER	Plante
CAPRIOLE	Cabriole
CAPSULAIRE	Ligament
CAPSULAIRE	Membrane
CAPSULAIRE	Capsule
CAPSULE	Veine-Porte
CAPSULE	Conduit
CAPSULE	Péricarde
CAPSULE	Reins succenturiaux
CAPSULE	Rénales
CAPSULE	Bile
CAPSULE	Vésicules Séminales
CAPTIF	Esclave
CAPTIF	Pirate
CAPUCHON	Scapulaire
CAPUCHON	Cordeliers
CAPUCHON	Scotisme
CAPUCINS	Religieux
CAPUCINE	Plante
CAPUT DRACONIS	Dragon
CAPUT DRACONIS	Nœud
CAPUT MORTUUM	Principe
CAPUT MORTUUM	Lixiviation
CAPUT MORTUUM	Incinération
CAPUT MORTUUM	Charbon
CAPUT MORTUUM	Distillation
CAPUT MORTUUM	Végétal
CAQUE	Quarteau
CAQUEUX	Cagot
CARABINER	Fusil
CARABINIERS	Carabines
CARACATAY	Chine
CARACATAY	Chinois
CARACTERE	Marque
CARACTERE	Note
CARACTERE	Ecriture
CARACTERE	Langue
CARACTERE	Alphabet
CARACTERE	Alphabet
CARACTERE	Lettre
CARACTERE	Hiéroglyphe
CARACTERE	Symbole
CARACTERE	Samaritains
CARACTERE	Hébreu
CARACTERE	Gothique
CARACTERE	Grec
CARACTERE	Médaille
CARACTERE	Caracteres
CARACTERE	Chiffre
CARACTERE	Abréviation
CARACTERE	Quantité
CARACTERE	Arithmétique universelle
CARACTERE	Positif
CARACTERE	Addition
CARACTERE	Négatif
CARACTERE	Soustraction
CARACTERE	Multiplication
CARACTERE	Division
CARACTERE	Similitude
CARACTERE	Différence
CARACTERE	Racine
CARACTERE	Radical
CARACTERE	Progression
CARACTERE	Proportion
CARACTERE	Proportion
CARACTERE	Progression
CARACTERE	Parallele
CARACTERE	Triangle
CARACTERE	Fluxion
CARACTERE	Différentiel
CARACTERE	Menstrue
CARACTERE	Note
CARACTERE	Œil
CARACTERE	Fonderie en caracteres
CARACTERE	Imprimerie
CARACTERE	Écriture
CARACTERES	Encre
CARACTERES	Imprimerie
CARACTERES	Presse
CARACTERES	Imprimerie
CARACTERES	Forme
CARACTERES	Imprimerie
CARACTERES	Imprimerie
CARACTERES	Italique
CARACTERES	Parisienne
CARACTERES	
CARACTERES	Imprimerie
CARACTERES	Lettres de deux Points
CARACTERES	
CARACTERES	
CARACTERES	
CARACTERES	
CARACTERES	Reglet
CARACTERES	Imprimerie
CARACTERES	Bronze
CARACTERES	Baptême
CARACTERES	Mœurs
CARACTERES	Ode
CARACTERES	Eclogue
CARACTERES	Panégyrique
CARACTERES	Plaidoyer
CARACTERES	Botanique
CARACTERES	Méthode
CARACTÉRISTIQUE	Caractere
CARACTÉRISTIQUE	Tems
CARACTÉRISTIQUE	Verbe
CARACTÉRISTIQUE	Mode
CARACTÉRISTIQUE	Caractere
CARACTÉRISTIQUE	Fluxion
CARACTÉRISTIQUE	Différentiel
CARACTÉRISTIQUE	Courbe
CARAGUATA	Plante
CARAIBES, ou CANNIBALES	Sauvages
CARAITES	Sadducéens
CARAITES	Fronteau
CARAITES	Cabale
CARAITES	Sabbat
CARAITES	Rabbinistes
CARANNA	Tacamahaca
CARAT	Carature
CARAT	Grain
CARAT	Poids
CARAT	Diamant
CARAT	Grain
CARATURE	Alliage
CARATURE	Ligature
CARATURE	Essai
CARATURE	Pierre
CARAVALLE	Caravelle
CARAVANSERAI	Caravane
CARAVANSERASKIER	Caravanserai
CARBONILLA	Catin
CARCAGNOLES	Soie
CARCAGNOLES	Fil
CARCAISE	Glace
CARCAISE	Crystal
CARCASSE	Squelete
CARCASSE	Parquet
CARCASSE	Bombe
CARCINOME	Cancer
CARDAIRE	Raie
CARDAMINE	Plante
CARDAN	Algebre
CARDAN	Cabale
CARDASSE	Raquette
CARDE	Cardier
CARDE	Laine
CARDE	Draperie
CARDER	Laine
CARDER	Draperie
CARDEUR	Draperie
CARDEUR	Cardier
CARDIALGIE	Inflammation
CARDIAQUE	Estomac
CARDIAQUE	Artere
CARDIAQUE	Veine
CARDIAQUE	Cœur
CARDIAQUE	Syncope
CARDIAQUE	Cordiaux
CARDIER	Draperie
CARDIER	Laine
CARDINAL	Vertu
CARDINAL	Point
CARDINAL	Nord
CARDINAL	Sud
CARDINAL	Midy
CARDINAL	Ligne méridienne
CARDINAL	Points collatéraux
CARDINAL	Lever
CARDINAL	Coucher
CARDINAL	Zénith
CARDINAL	Nadir
CARDINAL	Vent
CARDINAL	Signe
CARDINAL	Précession
CARDINAL	Nombre
CARDINAL	Conclave
CARDINAL	Église
CARDINAL	College
CARDINAL	Légat
CARDINAL	Légation
CARDINALE RAPUNTIUM	Plante
CARELIA	Plante
CARÊME	Jeûne
CARENE	Quille
CARETTE	Etoffe de soie
CARETTE	Aleirons
CAREX	Plante
CARGUE, CARGUES	Cale-bas
CARGUE, CARGUES	Retraites de hune
CARGUER	Cargue
CARIBOU	Carcajou
CARIE	Os
CARIE	Gangrene
CARIE	Mortification
CARIE	Abcès
CARIE	Ulcere
CARIE	Cautere
CARIE	Exfoliation
CARIE	Amputation
CARIE	Odontalgie
CARIE	Dent
CARIE	Mal de dent
CARIQUEUSE	Hémorrhoïde
CARILLON	Diapason
CARILLON	Cloche
CARILLON	Clavier
CARILLON	Serinette
CARILLON	Abregé
CARILLON	Sonnerie
CARILLON	Serinette
CARILLON	Orgue
CARILLON	Androide
CARLETTE ou CARRELETTE	Ardoise
CARLINE	Plante
CARMEN	Vers
CARMEN	Charme
CARMEN	Carmentales
CARMENTALES	Carmen
CARMES	Barrés
CARMIN	Laque
CARMIN	Rouge
CARMINATIF	Vent
CARNA, CARNE	Esprits
CARNACIER	Animal
CARNACIER	Nourriture
CARNACIER	Abstinence
CARNACIER	Brachmanes
CARNACIER	Carnivore
CARNACIER	Colum
CARNACIER	Cœcum
CARNET	Bilan
CARNET	Livres auxiliaires
CARNET	Bilan
CARNIVORE	Carnacier
CARNIVORE	Estomac
CARNOSITÉ	Rétention d’urine
CARNOSITÉ	Rétention d’urine
CAROCHA	Inquisition
CAROLUS	Monnoie
CARONCULE	Chair
CARONCULE	Hymen
CARONCULE	Rein
CARONCULE	Bassinet
CAROTIDE	Artere
CAROTIDE	Sang
CAROTIDE	Cerveau
CAROTIDE	Laringée
CAROTIDE	Sublinguale
CAROTIDE	Cerveau
CAROTIDE	Vertébral
CAROTTE	Plante
CAROUGE ou CAROUBE	Caroubier
CARPE	Main
CARPE	Scaphoide
CARPOBOLUS	Plante
CARRE	Septier
CARRÉ	Banc à tirer
CARRÉ	Corderie
CARRÉ	Matrice
CARREAU	Brique
CARREAU	Boutisse
CARREAU	Ceinte
CARREAU	Préceinte
CARREAU	Lisse de vibord
CARREAU	Chaloupe
CARREAU	Ecurie
CARREAU	Mangeoire
CARREAU	Effilé
CARREAU	Jeu
CARREAU	Pari
CARRELER	Carreau
CARRELET	Plie
CARRELET	Poisson
CARRELET	Blanchet
CARRELET	Aiguille à Sellier
CARRELET	Chapelier
CARRELET	Soulier
CARRELET	Carreau
CARRELET	Pêche
CARRET	Corderie
CARRIER	Mine
CARRIERE	Carrier
CARRIERE	Pierre
CARRIERE	Marbre
CARRIERE	Ardoise
CARRIERE	Barriere
CARROSSE	Roue
CARROSSE	Timon
CARROSSE	Soûpente
CARROSSE	Avant-train
CARROSSE	Arc de Charron
CARROSSE	Chaise
CARROSSE	Coche
CARROSSE	Coche
CARROSSIER	Sellier
CARROUSEL	Joûte
CARROUSEL	Tournoi
CARTAGER	Vigne
CARTE	Terre
CARTE	Perspective
CARTE	Projection
CARTE	Mappemonde
CARTE	Perspective
CARTE	Projection
CARTE	Méridien
CARTE	Parallele
CARTE	Tropique
CARTE	Cercle
CARTE	Corde
CARTE	Loxodromique
CARTE	Spirale logarithmique
CARTE	Projection stéréographique de la sphere
CARTE	Projection stéréographique de la sphere
CARTE	Arpentage
CARTE	Lever un plan
CARTE	Projection
CARTE	Navigation
CARTE	Degré
CARTE	Sécante
CARTE	Navigation
CARTE	Globe
CARTE	Livre
CARTE	Marc
CARTE	Poids
CARTE	Lansquenet
CARTE	Breland
CARTE	Pharaon
CARTE	Ombre
CARTE	Piquet
CARTE	Bassette
CARTE	Jeu
CARTE	Dés
CARTE	Echecs
CARTE	Jeu
CARTE	Papier
CARTE	Gravûre en Bois
CARTE	Imprimerie
CARTEL	Combat
CARTEL	Duel
CARTEL	Champion
CARTÉSIANISME	Algebre
CARTÉSIANISME	Cosmologie
CARTÉSIANISME	Axiome
CARTÉSIANISME	Analyse
CARTÉSIANISME	Aberration
CARTÉSIANISME	Algebre
CARTÉSIANISME	Equation
CARTÉSIANISME	Courbe
CARTÉSIANISME	Mouvement
CARTÉSIANISME	Idée
CARTÉSIANISME	Ame
CARTÉSIANISME	Percussion
CARTÉSIANISME	Lumiere
CARTÉSIANISME	Tourbillon
CARTÉSIANISME	Matiere subtile
CARTÉSIANISME	Malebranchisme
CARTÉSIANISME	Tourbillons
CARTÉSIANISME	Attraction
CARTÉSIANISME	Ame des Bêtes
CARTÉSIENS	Cartésianisme
CARTHAME	Plante
CARTIER	Cartes
CARTIER	Papier
CARTIER	Cartes
CARTILAGE	Os
CARTILAGE	Ossification
CARTILAGE	Solide
CARTILAGE	Sternum
CARTILAGE	Larynx
CARTILAGE	Nez
CARTILAGE	Ligament
CARTISANNE	Pic
CARTISANNE	Sabot
CARTISANNE	Pompon
CARTON	Cartier
CARTON	Cartier
CARTON	Cartier
CARTON	Tapisserie
CARTON	Hausse
CARTONNIER	Carton
CARVI	Plante
CARUS	Coma
CARUS	Léthargie
CARUS	Apoplexie
CARUS	Syncope
CARUS	Epilepsie
CAS	Accusatif
CAS	Ablatif
CAS	Article
CAS	Réel
CAS	Imaginaire
CAS	Evanouissement
CAS	Equation
CAS	Transformation
CAS	Abaissement
CAS	Equation
CAS	Equation
CAS	Binome
CAS	Diviseur
CAS	Racine
CAS	Construction
CAS	Incommensurable
CAS	Imaginaire
CAS	Approximation
CAS	Cascade
CAS	Royal
CAS	Prevotal
CAS	Privilégié
CAS	Casuiste
CAS	Certitude
CASCADE	Equation
CASCADE	Maximum
CASCADE	Racine
CASCADE	Limite
CASCANES	Puits
CASCANES	Ecoutes
CASE ou CASSE	Trictrac
CASERIE	Chan
CASERIE	Caravanserai
CASIA	Plante
CASLEU	An
CASLEU	Encénies
CASLEU	Dédicace
CASOAR, ou CASUEL	Aigle
CASOAR, ou CASUEL	Perroquet
CASOAR, ou CASUEL	Oiseau
CASQUE ou HEAUME	Heaulme
CASQUE ou HEAUME	Blason
CASSA	Caisse
CASSAILLE	Agriculture
CASSANT	Dureté
CASSANT	Ductilité
CASSAVE, ou CASSAVI, ou MANIHOT	Plante
CASSE	Plante
CASSE	Cuivre
CASSEAU	Dentelle
CASSE-AIGUILLE	Salines
CASSE-NOISETTE	Oiseau
CASSE-NOIX	Oiseau
CASSE-NOIX	Gros-bec
CASSENOLLE	Teinture
CASSERIUS	Oreille
CASSERON	Calmar
CASSIE	Plante
CASSIN	Estases
CASSIN	Rame
CASSIN	Velours ciselé
CASSIN	Rame
CASSIN	Semple
CASSIN	Velours
CASSINOIDE	Ellipse
CASSIOPÉE	Constellation
CASSIOPÉE	Comete
CASSIOPÉE	Étoile
CASSONADE	Sucre
CASTAGNEUX	Oiseau
CASTEL-DURANTE	Urbanea
CASTOR	Carcajou
CASTOR	Quadrupede
CASTOR	Chapeau
CASTOR	Gemeaux
CASTOR	Feu Saint-Elme
CASTOREA	Plante
CASTOREUM	Castor
CASTRAMÉTATION	Camp
CASTRATION	Testicules
CASTRATION	Eunuque
CASTRATION	Castrati
CASTRATION	Sarcocele
CASTRATION	Ligature
CASTRATION	Suspensoire
CASTRATION	Ulcere
CASTRATI	Dessus
CASTRATI	Chanteur
CASUALITÉ	Casuel
CASUEL	Casoar
CASUISTE	Cas
CASUISTE	Aius-Locutius
CASZBEQUI	Kabeskiz
CATABAPTISTE	Baptême
CATABIBAZON	Queue du Dragon
CATABIBAZON	Anabibazon
CATACAUSTIQUE	Caustique
CATACAUSTIQUE	Diacaustique
CATACAUSTIQUE	Réflexion
CATACAUSTIQUE	Catoptrique
CATACHRESE	Figure
CATACLYSME	Déluge
CATACOMBE ou CATACUMBE	Saint
CATACOMBE ou CATACUMBE	Martyr
CATACOMBE ou CATACUMBE	Relique
CATACOMBE ou CATACUMBE	Saint
CATACOMBE ou CATACUMBE	Enterrement
CATACOUSTIQUE	Acoustique
CATACOUSTIQUE	Echo
CATACOUSTIQUE	Son
CATADIOPTRIQUE	Télescope
CATADUPES	Cataracte
CATAGMATIQUE	Calus
CATAGMATIQUE	Fracture
CATAGMATIQUE	Os
CATAGMATIQUE	Consolidation
CATALECTIQUE	Acatalectique
CATALEPSIE	Assoupissement
CATALEPSIE	Assoupissement
CATALOGUE	Cabinet
CATALOGUE	Etoile
CATALOGUE	Droit civil
CATALOGUE	Droit civil
CATANANCE	Plante
CATAPHRYGES ou CATAPHRYGIENS	Montanistes
CATAPLASME	Topique
CATAPLASME	Charge
CATAPLASME	Emmiélure
CATAPLASME	Rémolade
CATAPHORE	Coma
CATAPUCE	Tithymale
CATAPULTE	Baliste
CATAPULTE	Onagre
CATARACTE	Cascade
CATARACTE	Catadupes
CATARACTE	Hydrodynamique
CATARACTE	Oiseau
CATARACTE	Herse
CATARACTE	Vûe
CATARACTE	Crystallin
CATARACTE	Glaucome
CATARACTE	Crystallin
CATARACTE	Vision
CATARACTE	Œil
CATARACTE	Pupille
CATARACTE	Vision
CATARACTE	Aiguille
CATARACTE	Speculum oculi
CATARACTE	œil-double
CATARRHE	Péripneumonie
CATARRHE	Toux
CATARTHIQUE	Purgatifs
CATASTASE	Epitase
CATASTASE	Catastrophe
CATASTASE	Drame
CATASTASE	Tragédie
CATASTE	Cyphonisme
CATASTROPHE	Drame
CATASTROPHE	Tragédie
CATASTROPHE	Catastase
CATASTROPHE	Fable
CATASTROPHE	Péripétie
CATASTROPHE	Reconnoissance
CATASTROPHE	Passions
CATASTROPHE	Tragédie
CATASTROPHE	Nœud
CATASTROPHE	Intrigue
CATASTROPHE	Fable
CATAY, CATHAY, ou KATAY	Chine
CATÉCHISTE	Catéchese
CATÉCHISTE	Catéchumene
CATÉCHUMENE	Catéchiste
CATÉCHUMENAT	Catéchumene
CATHARES	Encratites
CATHARRE	Catarrhe
CATHARTIQUE	Catarthique
CATHETE	Chapiteau
CATHETE	Ionique
CATHETE	Perpendiculaire
CATHETE	Rectangle
CATHETE	Incidence
CATHETE	Réflexion
CATHETE	Apparent
CATHETE	Miroir
CATHETE	Dioptrique
CATHETER	Algalie
CATHETER	Lithotomie
CATHETER	Cathetérisme
CATHETERISME	Algalie
CATHETERISME	Ponction
CATHETERISME	Carnosité
CATHOLICITÉ	Orthodoxie
CATHOLICON	Électuaire
CATHOLIQUE	Catholicité
CATHOLIQUE	Œcuménique
CATI, ou CATTI	Pic
CATI, ou CATTI	Tael
CATICHE	Loutre
CATICHE	Crones
CATIMARON	Cantimaron
CATIR	Draperie
CATISSOIRE	Bonneterie
CATISSOIRE	Draperie
CATOPTRIQUE	Miroir
CATOPTRIQUE	Reflexion
CATOPTRIQUE	Vision
CATOPTRIQUE	Lumiere
CATOPTRIQUE	Optique
CATOPTRIQUE	Apparent
CATOPTRIQUE	Cadran
CATOPTRIQUE	Telescope
CATOPTRIQUE	Anamorphose
CATOPTRIQUE	Miroir
CATOPTRIQUE	Miroir
CATOPTRIQUE	Reflexion
CATOPTRIQUE	Miroir
CATOPTROMANCIE	Gastromancie
CATURI, CATHURI	Almadie
CAVALCADE	Carousel
CAVALCADE	Tournoi
CAVALCADE	Quadrille
CAVALCADOUR ;	Ecuyer
CAVALERIE	Carabiniers
CAVALERIE	Escadron
CAVALIER	Traverse
CAVALIER	Bajoir
CAVALLE	Jument
CAVALLE	Cheval
CAUCALIS HERISSONNÉE	Plante
CAUDA LUCIDA	Lion
CAUDEBEC	Chapeau
CAUDICAIRES	Boulanger
CAVE	Mois
CAVE	Lune
CAVE	Cœur
CAVE	Oreillette
CAVE	Sang
CAVE	Circulation
CAVE	Soûclaviere
CAVE	Péricarde
CAVE	Iliaque
CAVE	Diaphragme
CAVE	Oreillette
CAVE	Spermatique
CAVE	Adipeux
CAVE	Hépatique
CAVE	Glace
CAVEA	Amphithéatre
CAVEA	Théatre
CAVEAU	Tombe
CAVEAU	Catacombe
CAVEAU	Grotte
CAVER	Opposition
CAVERNEUX	Érection
CAVERNEUX	Gland
CAVERNEUX	Gland
CAVERNEUX	Clitoris
CAVERNEUX	Vaisseau
CAVERNEUX	Nerf
CAVESSE DE MAURE	Cap de Maure
CAVESSE DE MAURE	Rouhan
CAVILLONE	Surmulet
CAUSE	Idée
CAUSE	Art
CAUSE	Miroir
CAUSE	Réfraction
CAUSE	Réfraction
CAUSE	Action
CAUSE	Action
CAUSE	Cosmologie
CAUSE	Projectile
CAUSE	Lois de la Nature
CAUSE	Pesanteur
CAUSE	Gravitation
CAUSE	Attraction
CAUSE	Axiome
CAUSE	Percussion
CAUSE	Impulsion
CAUSE	Force
CAUSE	Maladie
CAUSE	Calcul
CAUSE	Fievre
CAUSTIQUE	Menstrue
CAUSTIQUE	Pierre à cautere
CAUSTIQUE	Lymphe
CAUSTIQUE	Crystal
CAUSTIQUE	Argent
CAUSTIQUE	Courbe
CAUSTIQUE	Rectification
CAUSTIQUE	Ardent
CAUSTIQUE	Parabole
CAUSTIQUE	Foyer
CAUSTIQUE	Miroir
CAUSTIQUE	Développée
CAUSTIQUE	Différentiel
CAUSTIQUE	Infini
CAUTERE	Cautérisation
CAUTERE	Caustique
CAUTERE	Abcès
CAUTERE	Fonticule
CAUTERE	Séton
CAUTERE	Séton
CAUTÉRISATION	Cautere
CAUTÉRISATION	Exfoliation
CAUTÉRISATION	Carie
CAUTÉRISATION	Cautere
CAUTÉRISATION	Séton
CAUTION	Cautionnement
CAUTION	Pleige
CAUTION	Division
CAUTION	Discussion
CAUTION	Judiciaire
CAUTION	Juratoire
CAUX	Chapeau
CAZ	Caxa
CAZELLES	Fileur d’or
CAZEMATE	Bastion
CAZEMATE	Tenaille
CAZERNES	Garnison
CE	Pronom
CECHIN	Sequin
CEDATAIRE	Cédant
CEDRA	Citronnier
CEDRE	Plante
CEDRE	cedria
CEDRE	Meleze
CEDRE	Oxycedre
CEDRIN	Serin
CEDULE	Évocatoire
CEER	Tol
CEIBA	Plante
CEINTRE ou CINTRE	Sur-baissé
CEINTRE ou CINTRE	Sur-haussé
CEINTURE	Investiture
CEINTURE	Ceinturiers
CEINTURE	Ceste
CEINTURE	Ceinture de virginité
CEINTURE	Cadenat
CEINTURE	Mercure
CEINTURE	Peignon
CEINTURE	Corderie
CEINTURON	Ceinturier
CELADON	Aluner
CELADON	Brunir
CELADON	Teinture
CELENO	Pleyades
CÉLERI	Ache
CELERIN	Poisson
CELERITÉ	Vîtesse
CELERITÉ	Mouvement
CÉLEUSME	Cri
CÉLIBAT	Mariage
CÉLIBAT	Moine
CÉLIBAT	Virginité
CÉLIBAT	Vœux
CELLULAIRE	Élément
CELLULAIRE	Graisse
CELLULE	Dortoir
CELLULE	Chartreux
CELLULE	Conclave
CELLULE	Graisse
CELLULE	Adipeux
CELLULE	Graisse
CELLULE	Cellulaire
CELTIQUE	Celtes
CELTIQUE	Celtiberes
CEMENT	Cementation
CEMENTATION	Particulier
CEMENTATION	Fer
CEMENTATION	Argent
CEMENTATION	Menstrue
CEMENTATION	Digestion
CEMENTATION	Fer
CENDRE	Calcination
CENDRE	Tissu
CENDRE	Chaux métallique
CENDRE	Végétale
CENDRE	Végétale
CENDRE	Charbon
CENDRE	Chimie
CENDRE	Terre
CENDRE	Palingenesie
CENDRE	Verre
CENDRE	Intermede
CENDRE	Coupelle
CENDRE	Sel lixiviel
CENDRE	Blanchissage
CENDRE	Sel lixiviel
CENDRE	Menstrue
CENDRE	Extrait
CENDRE	Nitre
CENDRE	Engrais des terres
CENDRE	Agriculture
CENDRE	Pluie
CENDRE	Cuivre
CENDRE	Teinture
CENDRE	Cautere
CENDRE	Potasse
CENDRE	Bleu
CENDRE	Verd de montagne
CENDRE	Bûcher
CENDRE	Funérailles
CENDRE	Urne
CENDRE	Tombeau
CENDRÉ	Cortical
CENDRÉ	Cerveau
CENDRÉ	Lienterie
CENDRÉ	Crudité
CENDRÉE	Coupelle
CENDRÉE	Coupelle
CENDRÉE	Plomb
CENDRURES	Acier
CENDRURES	Veine
CENE	Paques
CENE	Pasque
CENOBITE	Hermite
CENOBITE	Anachorete
CENOBITE	Couvent
CENOBITE	Monastere
CENOBITE	Anachorete
CENOBITE	Regle
CENOBITE	Moine
CENOTAPHE	Tombeau
CENOTAPHE	Monument
CENS	Arrêt
CENS	Brandon
CENS	Gagerie
CENSAL	Courtier
CENSAL	Courtage
CENSERIE	Censal
CENSERIE	Courtage
CENSIER	Cens
CENSIER	Censitaire
CENSIER	Censive
CENSITAIRE	Cens
CENSITAIRE	Lods & Ventes
CENSIVE	Cens
CENSURE	Excommunication
CENSURE	Note
CENSURE	Qualification
CENT	Change
CENT	Remise
CENT	Intérêt
CENT	Quintal
CENT	Change
CENTAURES	Loup
CENTAURÉE	Plante
CENTAURÉE	Plante
CENTON	Centonaires
CENTRAL	Centre
CENTRAL	Feu
CENTRAL	Éclipse
CENTRAL	Centre de mouvement
CENTRAL	Force
CENTRAL	centripetes
CENTRAL	centrifuges
CENTRAL	Orbite
CENTRAL	Planete
CENTRAL	Trajectoire
CENTRAL	Projectile
CENTRAL	Courbe
CENTRAL	Construction
CENTRE	Cercle
CENTRE	Circonférence
CENTRE	Angle
CENTRE	Diametre
CENTRE	Sections coniques
CENTRE	Ellipse
CENTRE	Hyperbole
CENTRE	Diametre
CENTRE	Courbe
CENTRE	Cadran
CENTRE	Gravitation
CENTRE	Attraction
CENTRE	Mouvement
CENTRE	Repos
CENTRE	Diametre
CENTRE	Romaine
CENTRE	Balance
CENTRE	Levier
CENTRE	Moment
CENTRE	Centrobarique
CENTRE	Mouvement
CENTRE	Oscillation
CENTRE	Pendule
CENTRE	Isochrone
CENTRE	Oscillation
CENTRE	Percussion
CENTRE	Centre spontanée
CENTRE	Antipodes
CENTRE	Terre
CENTRE	Appui
CENTRE	Levier
CENTRE	Force
CENTRE	Echo
CENTRE	Echo
CENTRE	Angle du centre du bastion
CENTRE	Bataillon à centre vuide
CENTRE	Diaphragme
CENTRIFUGE	Mouvement
CENTRIFUGE	Composition
CENTRIFUGE	Courbure
CENTRIFUGE	Central
CENTRIPETE	Central
CENTROBARIQUE	Centre de gravité
CENTROBARIQUE	Centre
CENTROBARIQUE	Levier
CENTROBARIQUE	Parallélogramme
CENTROBARIQUE	Prisme
CENTROBARIQUE	Cylindre
CENTROBARIQUE	Cercle
CENTROBARIQUE	Chaînette
CENTRINE	Porc
CENTURIATEURS	Centurie
CENTURIE	Cent
CENTURIE	Cohorte
CENTURIE	Décurion
CENTURIE	Centurion
CENTURIE	Siecle
CENTURION	Centurie
CEP	Vigne
CEP	Singe
CEPEAU	Monnoyage
CENTUSSIS	Monnoies anciennes
CEPHALALGIE	Passion hystérique
CÉPHALIQUE	Bras
CÉPHALIQUE	Jugulaire
CÉPHALIQUE	Deltoïde
CÉPHALIQUE	Sternutatoire
CÉPHALOPHARINGIEN	Muscle
CÉPHALOPHARINGIEN	Pharynx
CEPITES	Agate
CERAMES	Apophoretes
CERAMICIES	Céramique
CERAMICIES	Fêtes
CERASTE	Serpent
CERATIUM	Obole
CERATIUM	Siliqua
CERATOIDES	Plante
CERATO-SPERMUM	Plante
CERAUNOSCOPION	Théatre
CERCE	Cherche
CERCEAU	Jetter
CERCEAU	Battre
CERCEAU	Découper
CERCEAU	Graver
CERCEAU	Couvrir
CERCEAU	Mole
CERCELLE	Sarcelle
CERCLE	Centre
CERCLE	Circonférence
CERCLE	Degré
CERCLE	Minute
CERCLE	Diviseur
CERCLE	Aire
CERCLE	Centre
CERCLE	Triangle
CERCLE	Perspective
CERCLE	Concentrique
CERCLE	Excentrique
CERCLE	Quadrature
CERCLE	Parabole
CERCLE	Sphere
CERCLE	Méridien
CERCLE	Ecliptique
CERCLE	Horison
CERCLE	Méridien
CERCLE	Ecliptique
CERCLE	Parallele
CERCLE	Almucantarath
CERCLE	Hauteur
CERCLE	Déclinaison
CERCLE	Diurne
CERCLE	Equateur
CERCLE	Sphere
CERCLE	Sphérique
CERCLE	Équateur
CERCLE	Cadran
CERCLE	Horaire
CERCLE	Latitude
CERCLE	Longitude
CERCLE	Occultation
CERCLE	Etoile
CERCLE	Lever
CERCLE	Coucher
CERCLE	Polaire
CERCLE	Arctique
CERCLE	Antarctique
CERCLE	Position
CERCLE	Ascension droite
CERCLE	Ascension oblique
CERCLE	Angle
CERCLE	Arpentage
CERCLE	Pinnule
CERCLE	Boussole
CERCLE	Genou
CERCLE	Chaîne
CERCLE	Lever un plan
CERCLE	Rapporteur
CERCLE	Graphometre
CERCLE	Planchette
CERCLE	Hune
CERCLE	Avalure
CERCLE	Volte
CERCLE	Mole
CERCLE	Mois
CERCLE	Contingent
CERCLER	Cercle
CERCLER	Cerceau
CERDONIENS	Marcionites
CEREALIA	Eleusines
CEREALIA	Thesmophories
CEREMONIAL	Cérémonie
CEREMONIES	Police
CEREMONIES	Culte
CEREMONIES	Idolatrie
CERF	Quadrupede
CERF	Scarabée
CERF	Insecte
CERF	Cuir
CERF	Jambe
CERFEUIL	Plante
CERIN	Serin
CERINTHIENS	Ebionites
CERINTHIENS	Apocalypse
CERINTHIENS	Apocryphe
CERISAYE	Cerisier
CERISE	Cerisier
CERISE	Abricot
CERISIER	Plante
CERISIER	Merisier
CERISIER	Griottier
CERISIN	Serin
CERO	Poisson
CERON	Suron
CERTIFICAT	Acquit de Franchise
CERTIFICATEUR	Caution
CERTIFICATION	Certificateur
CERTITUDE	[1]
CERTITUDE	Combinaison
CERTITUDE	Dés
CERTITUDE	Probabilité
CERVEAU	Crane
CERVEAU	Ame
CERVEAU	Membrane
CERVEAU	Dure-mere
CERVEAU	Cendrée
CERVEAU	Cervelet
CERVEAU	Moelle
CERVEAU	Lobe
CERVEAU	Corps Calleux
CERVEAU	Centre
CERVEAU	Ventricule
CERVEAU	Corne
CERVEAU	Sinus
CERVEAU	Voûte
CERVEAU	Corps cannelés
CERVEAU	Glande pinéale
CERVEAU	Nates
CERVEAU	Infundibulum
CERVEAU	Aquéduc
CERVEAU	Carotide
CERVEAU	Nerveux
CERVEAU	Dure-mere
CERVEAU	Esprit
CERVEAU	Paralysie
CERVEAU	Nerf
CERVEAU	Fonte des Cloches
CERVELET	Cerveau
CERVELET	Peduncules
CERVELET	Cuisses
CERVELET	Varole
CERVELET	Mouvement
CERVELET	Cerveau
CERVICAL	Cervix
CERVICAL	Ligament
CERVICAL	Soûclaviere
CERVICAL	Sacrolumbaire
CERVICAL	Diaphragmatique
CERVICAL	Bronchial
CERVIER	Loup cervier
CERVIX	Cou
CERVIX	Matrice
CERVIX	Vagin
CERVIX	Matrice
CERUMEN	Cire des oreilles
CERVOISE	Bierre
CERVOISIERS	Brasseurs
CERUSE	Blanc de plomb
CESAR	Héritier
CESAR	Césarienne
CÉSARIENNE	Accouchement
CÉSARIENNE	Naissance
CÉSARIENNE	Uterus
CÉSARIENNE	César
CÉSARIENNE	Accouchement
CÉSARIENNE	Crochet
CÉSARIENNE	Bistouri
CESSION	Transport
CESSION	Vente
CESSION	Echange
CESSION	Donation
CESSION	Legs
CESSION	Subrogation
CESSION	Bonnet
CESSION	Banqueroutier
CESSION	Ceinture
CESSION	Investiture
CESSION	Creation
CESSIONNAIRE	Cession
CESSIONNAIRE	Transport
CESSIONNAIRE	Cession
CESTE	Athletes
CESTE	Inceste
CESURE	Hémistiche
CESURE	Alexandrin
CETACÉE	Poisson
CETERAC	Plante
